Employee_ID,Name,Age,Email,Department,Job_Title,Salary,Date_of_Birth,Date_of_Joining,Performance_Score
88600,Cheryl Neal MD,28,durhamsara@example.com,Operations,Director,134647.0,1990-05-15,2019-12-22,4
82036,Jessica Davis MD,41,djones@example.org,Marketing,Executive,148288.0,1986-09-30,2019-10-29,3
99982,Joshua Martin,36,lisagreen@example.com,HR,Intern,41905.0,1978-02-26,2020-08-18,4
17507,Lisa Hale,22,yolanda55@example.net,Marketing,Manager,76930.0,1978-06-01,2024-06-15,5
91674,Sarah Torres,55,omccarthy@example.org,Marketing,Intern,44357.0,1966-08-07,2017-05-10,2
86882,Adam Flores,60,michellejohnson@example.net,HR,Consultant,70194.0,1966-05-05,2023-03-10,3
99449,Manuel Hudson,35,cohennathaniel@example.com,Finance,Intern,43931.0,1972-09-19,2023-11-12,3
69821,Jason Powell,34,jessicahayes@example.org,Marketing,Specialist,75980.0,1970-10-30,2023-02-10,2
71002,Ronald Finley,55,mckinneysharon@example.net,Legal,Director,121582.0,1984-09-29,2018-08-29,4
31887,Maxwell Johnston,59,morrowkaren@example.net,IT,Manager,72200.0,1993-04-16,2018-10-18,3
49528,Thomas Miller,42,jessica90@example.org,Legal,Executive,218887.0,1982-08-22,2020-02-28,3
52839,Tyler Johns,28,hendricksallison@example.org,Legal,Director,125925.0,1997-06-07,2017-08-22,5
72896,Jose Sutton,57,lauren01@example.org,Operations,Analyst,63411.0,1984-11-29,2018-08-31,5
74737,Cynthia Hardy,55,melissanguyen@example.net,IT,Intern,37443.0,1999-11-24,2016-06-02,1
54750,Janice Soto,24,barrettkristin@example.net,Operations,Specialist,,1990-08-18,2022-03-22,2
92520,Thomas Simon,51,donna72@example.net,Legal,Consultant,68755.0,1978-06-19,2018-08-23,3
81229,Jennifer Collins,52,anita46@example.com,Operations,Director,157708.0,1994-02-18,2018-07-13,3
57697,Lisa Cox,28,jasonlawrence@example.net,Marketing,Specialist,71355.0,1993-07-28,2017-05-07,1
80363,Jerry Castillo,53,jessica18@example.org,Marketing,Consultant,88822.0,1971-06-14,2023-11-01,5
93954,Lori Shaffer,60,anthony97@example.com,Marketing,Consultant,60554.0,1965-10-18,2019-03-11,2
17359,Charles Powell,55,lmoore@example.org,Finance,Manager,99243.0,1968-02-12,2023-08-28,5
54166,Ryan Johnson,37,sue21@example.com,HR,Director,139889.0,1987-04-28,2020-01-12,3
30381,Stephanie Castillo,43,ashley52@example.com,Finance,Consultant,60143.0,1976-10-12,2023-09-25,3
84029,Jackson May,36,travis13@example.com,Finance,Consultant,73860.0,1973-08-21,2023-12-20,1
53543,Savannah Black,49,richard95@example.net,IT,Intern,36151.0,1967-03-31,2021-05-10,1
19042,Jason Leach,51,sotojennifer@example.org,Operations,Analyst,57963.0,1986-03-02,2018-03-09,3
35801,Andrew Medina,29,michellewilson@example.net,Marketing,Executive,221850.0,1986-08-26,2022-10-01,2
86958,Timothy Whitaker,45,vsmith@example.com,Sales,Director,176973.0,1973-11-20,2023-10-07,5
97884,Martha Adams,60,jason66@example.com,HR,Intern,44157.0,1992-08-29,2016-01-11,4
75859,Pamela Reyes,37,amanda09@example.org,IT,Specialist,58965.0,1978-01-23,2021-02-13,1
80560,Trevor Smith,28,nguyenbryan@example.org,Legal,Director,131156.0,1988-07-03,2022-08-18,3
42274,Wendy Gomez,25,brownrachel@example.org,HR,Director,197916.0,1994-01-21,2021-05-12,2
87790,Eric Patel,45,greenandrew@example.org,Sales,Consultant,72144.0,1978-11-03,2022-08-11,3
38815,Krista Jones,53,arellanomatthew@example.com,Marketing,Intern,48545.0,1977-11-06,2024-04-22,3
19433,Bobby Parker,50,daniel44@example.com,Marketing,Executive,108044.0,1972-04-12,2020-03-17,4
38327,Dale Brown,54,samanthasanders@example.net,Operations,Intern,46502.0,1992-07-28,2018-09-05,1
56278,Brian Johnson,34,gblanchard@example.org,Operations,Consultant,70410.0,1980-01-25,2022-02-15,2
81117,Julie Turner,32,heathsamuel@example.net,Legal,Director,144632.0,1998-01-23,2019-03-19,1
27259,James Ward,40,james84@example.org,Operations,Specialist,79837.0,1965-07-01,2020-09-01,2
42381,Kaitlyn Foster,37,charlesspence@example.net,Operations,Manager,90600.0,1988-01-03,2024-01-30,5
21751,Cindy Martin,50,lindaevans@example.org,Marketing,Executive,122519.0,1990-11-20,2015-05-27,1
40096,Justin Odom,23,olawrence@example.com,Sales,Director,122743.0,1985-03-14,2021-07-16,4
96117,Stacy Taylor,42,patrick22@example.com,Operations,Consultant,84989.0,1979-07-30,2015-07-01,1
51095,Lindsay Calhoun,23,evelyn30@example.net,Operations,Intern,33218.0,1982-03-23,2016-04-05,5
50059,Danielle Peters,30,carriewatson@example.org,Finance,Manager,72418.0,1986-06-29,2015-02-05,5
89633,Paula Johnson,31,smithtravis@example.org,HR,Analyst,55936.0,1981-04-08,2016-01-29,3
57686,Anna Wilson,49,adam88@example.com,HR,Intern,39580.0,1994-10-03,2020-04-13,3
47887,Craig Meyer,26,,Marketing,Executive,232264.0,1965-08-12,2015-12-17,2
58209,Michelle Golden MD,46,larsontamara@example.org,Operations,Director,172638.0,1992-03-21,2017-09-21,1
64561,Amy Evans,59,nmaxwell@example.net,Sales,Manager,103462.0,1974-03-11,2015-07-18,2
85014,Rachel Banks,45,savagenancy@example.com,Legal,Manager,,1999-06-29,2023-06-19,3
78234,Catherine Brown,44,rheath@example.org,Finance,Consultant,61610.0,1985-07-09,2020-03-13,5
71157,Brian Hall,40,johnaguilar@example.org,Sales,Consultant,72940.0,1977-07-25,2018-01-30,1
17833,Michael Hernandez,29,valenciajoshua@example.net,IT,Consultant,64120.0,1974-04-09,2023-07-08,3
67790,Emily Gordon,56,katie48@example.org,Operations,Intern,39746.0,1981-02-19,2021-05-15,4
50597,Alexander Smith,26,christiankimberly@example.org,Legal,Director,192027.0,2001-04-18,2023-05-17,1
89698,Sheila Fuentes,22,fernandezjohn@example.org,Sales,Manager,106587.0,2002-11-03,2016-05-02,5
68495,Gregory Patterson,38,griley@example.com,Operations,Analyst,59363.0,1970-11-15,2023-05-31,4
37442,Pamela Murphy,22,palmerjoseph@example.net,Operations,Manager,75755.0,2001-07-29,2021-08-21,2
86785,Christopher Hunt,36,fowlerkimberly@example.com,Sales,Manager,84727.0,1987-12-31,2022-03-10,3
51859,Joseph Richards,32,cduncan@example.org,Operations,Analyst,61181.0,1998-03-03,2018-06-15,1
38865,Kaitlyn Ortiz MD,40,hburns@example.com,Marketing,Manager,105796.0,1987-05-02,2023-02-23,3
41267,Patrick Ross,51,cameronzachary@example.com,Operations,Executive,122462.0,2001-05-18,2018-09-13,3
20420,Paul Reyes,57,renee97@example.org,IT,Specialist,65987.0,1982-03-01,2021-09-16,4
22993,Jane Jackson,41,michaelcarter@example.com,Legal,Specialist,,1983-10-11,2021-02-23,4
89159,James Shields,27,richard50@example.org,Legal,Consultant,79010.0,1978-01-12,2020-07-30,3
10809,Suzanne Bray,35,shannon65@example.org,Legal,Specialist,65390.0,1972-05-12,2017-10-07,3
73927,Gordon Long,26,joel72@example.org,HR,Consultant,84423.0,1968-02-01,2015-06-11,2
13919,Jordan Burton,38,sextonjacob@example.net,Operations,Intern,45031.0,1999-03-25,2021-10-25,1
43366,Ryan Gray,58,seanwalker@example.org,HR,Director,136001.0,1997-03-28,2021-02-14,4
65367,Katie Curtis,38,copelandmark@example.com,Operations,Director,160351.0,1984-09-11,2020-10-17,2
88754,Elaine Kennedy,33,qmosley@example.net,Sales,Director,192022.0,1991-03-25,2020-06-16,4
58451,Lisa Gardner,25,robertselizabeth@example.net,IT,Executive,185663.0,1968-07-21,2017-01-17,4
19567,Edward Williams,29,molly07@example.org,Operations,Director,,1976-05-03,2018-08-11,4
86948,Holly Johnston,49,xsmith@example.org,Operations,Analyst,57001.0,1969-02-02,2018-01-10,1
10296,Christian Jones,42,cchandler@example.com,Marketing,Director,125555.0,1964-04-21,2017-01-13,3
31979,Megan Rodriguez,36,christiandebra@example.org,Marketing,Manager,110305.0,1981-02-27,2018-08-06,2
44353,Eric Taylor,33,woodwarren@example.org,Sales,Intern,49279.0,1974-09-06,2020-03-07,5
36127,Michael Johnson,37,jared87@example.org,IT,Specialist,76675.0,1973-03-03,2022-06-03,4
26538,Kristina Joseph,35,aaronlewis@example.org,Finance,Consultant,,1994-02-08,2020-07-07,2
83125,Jennifer Norman,36,fshea@example.com,IT,Specialist,53366.0,2001-05-25,2016-10-10,1
93008,Erica Hughes,59,thomas14@example.com,Legal,Analyst,55829.0,1964-12-05,2022-02-20,4
36754,Michael Thompson MD,57,vpratt@example.net,Sales,Intern,33396.0,1994-10-02,2022-02-10,4
30970,Christopher Rivera,53,crios@example.com,Marketing,Specialist,67394.0,1989-05-20,2018-07-16,3
60156,Amanda Griffith,36,parkermartha@example.org,IT,Executive,204935.0,1983-09-02,2015-08-21,4
83895,Brandi Allen,24,fmurray@example.org,Marketing,Executive,154342.0,1971-09-27,2015-02-20,5
45533,Jennifer Coleman,25,brian94@example.net,Marketing,Specialist,66106.0,1974-09-10,2021-01-31,4
18632,Elizabeth Mcdaniel,34,jessica16@example.com,Finance,Consultant,61689.0,1977-01-06,2022-01-09,4
83258,Michelle Jones,24,zadams@example.org,Sales,Consultant,67695.0,1994-12-18,2015-10-03,4
64216,Nicole Brown,44,gsutton@example.com,Legal,Specialist,52548.0,1988-10-09,2020-09-23,1
76035,Jill Armstrong,28,bryce37@example.org,IT,Consultant,87392.0,1974-10-28,2024-06-14,2
86700,Amanda Wood,28,john45@example.com,Operations,Director,,1984-05-13,2019-06-26,5
88462,Rachael Fitzgerald,28,martindennis@example.com,IT,Consultant,66994.0,1981-08-12,2020-03-16,3
42200,Gina Chavez,58,martin37@example.org,Marketing,Manager,118413.0,1979-03-29,2019-09-09,5
98818,William Alexander,29,steven46@example.net,Sales,Executive,179986.0,2002-03-07,2015-06-21,4
53521,Edward Roberts,27,victoriawade@example.net,Legal,Director,184171.0,1969-04-19,2019-12-08,5
92254,Crystal Acosta,35,brubio@example.org,IT,Analyst,65014.0,1985-12-31,2022-08-15,1
35677,Roberta Adams,51,debrawashington@example.com,Finance,Director,177893.0,1976-07-04,2017-08-26,3
69226,Natalie Stewart,53,andrew62@example.com,Marketing,Consultant,64075.0,1983-08-23,2020-09-10,5
45289,Carmen Harris,43,baldwinjames@example.com,Finance,Executive,147606.0,1995-03-06,2021-07-20,3
43097,Cheryl Willis,53,lindahughes@example.com,HR,Consultant,77382.0,1992-08-30,2019-07-03,3
41715,Michael Livingston,49,iward@example.com,Finance,Consultant,68581.0,1982-04-16,2015-08-05,4
57039,Derek Mack,33,raventaylor@example.org,IT,Consultant,68490.0,1967-06-25,2015-06-15,4
71855,Madeline Perez,58,mtrujillo@example.com,IT,Consultant,89219.0,2002-04-14,2019-10-14,5
20288,Samuel Martin,58,youngkenneth@example.net,Sales,Manager,95666.0,1992-11-25,2020-12-19,5
85698,Theresa Bowman,47,lewisvalerie@example.org,Sales,Consultant,79353.0,1983-03-22,2018-01-31,2
42823,Sarah Sims,34,wharrington@example.org,Finance,Intern,46342.0,2000-04-25,2019-11-11,5
66234,Christina Hernandez,43,amandacline@example.org,Legal,Director,153628.0,1998-09-11,2015-06-19,4
71978,Melissa Payne,24,qsanchez@example.net,Sales,Manager,83685.0,1977-10-23,2022-09-08,1
78055,Andrew Snow,39,murphyjessica@example.org,Finance,Specialist,59529.0,1970-08-21,2020-06-14,5
62715,Jennifer Ortiz,39,donaldmckay@example.com,HR,Executive,243310.0,1966-12-24,2015-04-20,2
13617,Christina Dunlap,28,juan24@example.com,Legal,Manager,96451.0,1983-08-12,2017-07-20,5
50909,Brian Briggs,25,,Marketing,Analyst,65254.0,1993-06-05,2016-08-02,3
62905,Rebecca Brown,45,mark18@example.org,IT,Executive,210724.0,1969-02-20,2025-01-20,5
34885,Maria Wood,32,dmason@example.net,Operations,Analyst,61975.0,1989-04-24,2019-11-11,1
89897,Nicole Ramirez,26,david52@example.com,Sales,Executive,143876.0,1993-10-22,2020-08-04,3
11527,Brian Alexander,42,floreskaren@example.com,Sales,Intern,33219.0,1974-12-09,2020-06-23,1
65743,William Johnson,59,jessicareynolds@example.net,Sales,Manager,86938.0,1972-04-02,2017-01-05,3
72836,Eric Yates,56,veronicagomez@example.net,HR,Director,176567.0,1979-10-05,2016-07-12,4
40330,Kent Lee,22,schmidtjason@example.org,IT,Consultant,68093.0,1965-03-22,2019-01-03,4
23516,Robert Anderson,43,alexander73@example.net,Finance,Specialist,51117.0,1971-05-27,2024-12-12,3
76116,Gregory Friedman,54,pmassey@example.com,Sales,Intern,45888.0,2000-07-12,2018-10-27,4
98949,Catherine Ramirez,37,morrismatthew@example.com,Sales,Analyst,54190.0,1970-07-12,2016-04-22,5
71878,Jill Moore,39,harrisjacob@example.com,IT,Executive,227117.0,1987-06-13,2016-08-10,4
42748,Teresa Wilcox,30,thomasparsons@example.org,Finance,Director,181076.0,1996-01-09,2021-02-09,5
73993,Jonathan Garrett,47,jay60@example.com,IT,Intern,47648.0,1978-10-25,2019-09-06,1
50266,Tabitha Wood,38,markstrickland@example.com,Finance,Manager,85438.0,1981-08-19,2016-08-10,1
32483,Brett Thomas,38,zimmermanalexis@example.net,Sales,Executive,196515.0,1990-09-30,2023-09-20,4
14206,Jillian Bell,46,acevedoalyssa@example.com,Operations,Executive,148399.0,1975-02-22,2015-10-06,4
83751,Patrick Vega,48,jrichards@example.net,Legal,Manager,115798.0,1979-11-18,2024-08-14,5
17272,Brooke Flores,30,samantha92@example.com,Operations,Manager,71361.0,1966-09-06,2021-05-22,2
96934,Regina Lopez,56,dphillips@example.com,IT,Specialist,70919.0,1973-05-29,2022-04-19,5
46553,Richard Moran,22,smcdaniel@example.com,HR,Director,163913.0,1983-11-04,2023-06-16,3
82768,Rachel Murphy,55,christine32@example.org,Marketing,Consultant,74414.0,1992-03-19,2015-10-29,4
91079,Natalie Black,52,ulee@example.org,Operations,Specialist,51520.0,1980-11-04,2025-01-13,3
37287,Jacqueline Elliott,44,steven08@example.net,Sales,Consultant,71572.0,1972-08-11,2016-09-18,3
22290,Christine Hopkins,23,lstephens@example.com,Sales,Consultant,84436.0,1969-10-27,2024-01-02,4
75104,Jessica Moore,45,wardjennifer@example.org,IT,Manager,112242.0,1973-08-25,2024-03-01,5
79273,Nicole Barrett MD,40,janet86@example.com,Legal,Consultant,88021.0,1979-04-21,2018-12-09,4
12672,Dr. Victoria Little,49,bwallace@example.net,Sales,Executive,115062.0,1967-04-22,2017-02-01,4
95107,Todd Brown,22,fedwards@example.net,IT,Specialist,68226.0,1965-10-11,2023-09-29,4
57576,Joseph Gomez,29,flindsey@example.net,IT,Intern,44952.0,1986-03-30,2015-11-13,3
95469,Megan Mahoney,28,manueltaylor@example.org,HR,Executive,245723.0,1970-04-03,2018-07-16,2
92072,Kathryn Jackson,31,,IT,Manager,87894.0,1971-11-30,2020-06-17,4
42013,Samantha Webb,35,williamsnicole@example.com,Legal,Executive,110021.0,1976-10-08,2023-03-17,1
52992,Thomas Griffith,40,charles08@example.org,Finance,Intern,48660.0,1964-07-29,2021-01-31,4
57128,James Mayo,54,nsalinas@example.net,Finance,Consultant,81160.0,1965-10-15,2023-11-14,1
54897,Margaret Green,51,huynhkimberly@example.org,Marketing,Intern,42146.0,1987-02-18,2023-12-07,2
20301,Ashley Khan,22,tracey18@example.com,Finance,Director,138162.0,1985-05-15,2023-12-22,1
48481,James Young,31,kimberly38@example.org,Legal,Director,146617.0,1996-10-23,2017-03-24,4
87873,Savannah White,24,dpugh@example.com,Finance,Executive,117258.0,1981-01-20,2019-09-01,2
93670,Laura Johnson,33,richardscassie@example.net,Marketing,Analyst,66018.0,2000-06-07,2019-05-14,1
61214,Pamela Cox,29,colemandiane@example.org,Marketing,Analyst,59610.0,1966-11-05,2021-01-30,3
95869,Mrs. Abigail Ray,31,sarah29@example.org,Marketing,Consultant,67906.0,1999-02-04,2022-12-29,4
16083,Trevor Martinez,32,wjohnson@example.com,HR,Director,182483.0,1984-08-27,2024-02-09,2
62762,Blake Webster,46,valeriebailey@example.com,Operations,Consultant,61783.0,1990-12-31,2019-09-01,5
56825,Ashley Quinn,32,jacksondanielle@example.org,Marketing,Manager,95594.0,2000-07-30,2023-12-04,5
44040,Howard Salas,38,luis90@example.net,IT,Executive,106561.0,1967-11-25,2022-08-31,4
36704,Ryan Knox,42,codysmith@example.com,IT,Manager,81009.0,2002-08-08,2022-03-20,4
94062,Mary Hicks,44,welchjennifer@example.org,Operations,Analyst,56700.0,1991-07-22,2018-06-21,4
94262,Gary Frazier,30,jacksonmark@example.net,Marketing,Specialist,56306.0,1998-07-25,2018-06-08,4
97979,Joseph Vance,35,peter94@example.com,IT,Executive,182884.0,1993-06-13,2015-12-05,3
92104,Michelle Gonzales,37,rickwalker@example.com,Legal,Executive,238153.0,1967-12-16,2022-05-29,5
64699,Elizabeth Vasquez,30,james11@example.org,Legal,Director,162617.0,1980-10-13,2018-06-06,3
77151,Samantha Branch,54,maryacevedo@example.com,Finance,Executive,,1973-07-05,2015-03-11,4
47650,Jamie Frazier,44,vjacobs@example.com,Finance,Consultant,65562.0,1972-09-30,2018-10-11,2
94877,Stephen Miller,54,crystalroberts@example.com,Operations,Specialist,56699.0,1987-11-01,2024-08-02,1
20196,Jacqueline Fox,50,anita87@example.org,IT,Director,150871.0,1985-01-27,2018-09-08,4
43952,Natalie George,55,pughstephanie@example.org,Sales,Executive,103478.0,1970-02-04,2022-11-16,1
31939,Dylan Robinson,42,jessicamontoya@example.net,Legal,Specialist,77041.0,1985-11-27,2018-08-02,3
75269,Terri Galvan,59,billyroberts@example.org,Legal,Analyst,,1991-08-16,2023-10-18,3
72285,Michael Miller,26,brichardson@example.net,IT,Analyst,52082.0,1995-04-17,2022-04-25,5
97193,John Rodriguez,28,cadams@example.org,HR,Intern,35888.0,1966-09-09,2017-12-20,5
99568,Lisa Davis,57,jameskylie@example.org,Marketing,Consultant,83215.0,1965-12-19,2024-03-04,4
90697,Melissa Floyd,26,mccarthymark@example.com,Finance,Manager,114948.0,1997-12-29,2022-12-15,1
82752,Stephanie Peterson,55,stephen69@example.net,IT,Executive,234499.0,1998-09-23,2018-07-01,1
30809,Brooke Jordan,59,mccormickjose@example.com,HR,Consultant,79582.0,1982-02-09,2020-12-10,3
40506,Sara Williams,35,cheyennejones@example.com,HR,Manager,116650.0,1973-10-03,2023-07-19,3
78727,Kim Ross,25,ndavis@example.net,Sales,Analyst,61624.0,1981-12-01,2020-05-07,5
79425,Lori Patterson,22,ethompson@example.org,Marketing,Executive,222352.0,2001-05-07,2020-02-12,2
83914,James Keller,38,trevor34@example.com,Operations,Manager,,1971-01-20,2018-10-12,5
14986,Destiny Thompson,47,angelica27@example.net,HR,Specialist,71032.0,1998-05-13,2019-02-19,1
60310,Monica Jacobs,48,michaelgreen@example.net,IT,Consultant,82715.0,1966-04-13,2016-04-04,2
86980,Valerie Martin,59,zwilson@example.net,Legal,Manager,114296.0,1989-05-27,2024-03-30,2
64238,Jeffery Dean,36,paula26@example.org,Legal,Analyst,64094.0,1983-06-19,2018-11-17,1
72876,Jose Thompson,29,christina07@example.org,Marketing,Specialist,61855.0,1995-12-03,2020-08-06,3
94549,Rachel Gray,37,elizabethlevy@example.net,Sales,Analyst,55850.0,1992-11-07,2024-05-23,2
94689,Laura Anderson,28,manuelgallegos@example.com,Finance,Manager,,1983-01-10,2017-01-19,4
56189,Mark Butler,29,sharonmartinez@example.net,Sales,Consultant,87663.0,1972-05-18,2023-08-31,3
30476,Robert Sparks,37,bnoble@example.net,Legal,Director,150237.0,1967-09-29,2017-10-11,2
29949,Justin Evans,57,katherinesexton@example.com,Marketing,Executive,148212.0,1987-02-06,2022-09-26,4
22641,Shawn Torres,46,jstevens@example.org,Marketing,Executive,180704.0,1998-12-10,2025-01-27,3
79578,Miss Laura Johnson DVM,54,davidflowers@example.com,Finance,Intern,36845.0,1978-07-09,2024-04-17,2
87190,Bobby Chambers,24,joshua32@example.com,IT,Analyst,52661.0,1986-05-14,2016-05-22,4
56063,Amy Bailey,29,bknox@example.org,Marketing,Specialist,54410.0,1984-03-24,2017-12-23,2
82575,Gary Rose,60,swilliamson@example.org,IT,Analyst,63258.0,1979-02-10,2024-01-07,1
36956,Melanie Morris,46,edward47@example.com,Marketing,Executive,108091.0,1972-03-23,2016-01-12,5
62154,Hannah Perez,44,nbarnes@example.net,HR,Executive,,1968-04-30,2024-10-09,1
73453,Shelby Doyle,44,kimberlynguyen@example.net,Sales,Intern,44948.0,2000-02-17,2022-10-20,3
52993,Tyler Hill,59,greergail@example.com,Finance,Manager,74259.0,1975-03-01,2024-08-22,3
97370,Tammy White,47,acoffey@example.com,Marketing,Consultant,68400.0,1967-11-06,2017-09-23,2
12751,Terry Francis,32,dianaschroeder@example.com,Marketing,Executive,224942.0,1986-12-16,2018-06-01,3
25077,Michael Henderson,58,paulhoward@example.org,Marketing,Executive,209824.0,1984-05-14,2021-11-16,3
64786,Kimberly Gates,50,mckenziejohnson@example.org,HR,Analyst,51623.0,1995-07-12,2024-06-14,4
67507,Dr. Brett Fisher MD,47,michaelmoore@example.com,Marketing,Intern,45582.0,1986-10-23,2019-05-27,5
92029,Chelsey Mccarthy,55,danielschristopher@example.com,Marketing,Director,148401.0,1991-10-03,2019-07-15,5
50954,Michelle Valdez,44,norrisbernard@example.org,IT,Consultant,79202.0,1979-07-23,2017-07-11,1
54573,Jennifer Matthews,27,johnbartlett@example.net,Operations,Manager,102306.0,1976-05-14,2023-02-18,4
57438,Jaime Mooney,44,,Operations,Specialist,69578.0,1970-02-03,2020-12-07,4
38893,Maria Turner,34,josegaines@example.com,Operations,Manager,72949.0,1970-01-31,2024-11-04,3
76808,Elizabeth Garcia,29,saundersshane@example.com,Operations,Executive,152499.0,1974-05-11,2017-07-02,2
94282,Debra Deleon,55,flowersconnie@example.com,Marketing,Executive,107141.0,2002-01-18,2020-03-15,2
54703,Jeffrey George,60,daniel98@example.net,Marketing,Intern,30711.0,1986-01-31,2015-10-19,5
20022,Rachel Morris,34,pricemorgan@example.net,Legal,Consultant,69984.0,1971-02-10,2021-02-27,3
77410,Andrea Cantu,44,wbutler@example.com,Operations,Analyst,59245.0,1990-12-31,2016-07-30,1
91790,Madison Serrano,48,odomregina@example.com,Finance,Specialist,65528.0,1996-04-10,2023-12-23,5
25847,Christopher Maldonado,54,katie19@example.com,Legal,Executive,107766.0,1972-04-01,2024-08-08,1
53825,Nathan Wheeler,43,jeffreyjordan@example.com,Legal,Analyst,53487.0,1979-11-17,2021-08-16,3
32142,Christian Robles,39,tgonzalez@example.com,Operations,Intern,48358.0,1990-11-10,2022-10-09,2
94660,Christopher Dawson,52,jimenezcourtney@example.com,Marketing,Analyst,,1974-11-15,2024-07-20,5
20570,Jared Ross,39,cortiz@example.net,Marketing,Specialist,56546.0,1965-03-22,2016-07-25,3
15411,Stephen Howell,43,terrynicholas@example.org,Sales,Specialist,69209.0,1998-08-24,2020-12-31,1
57205,Richard Anderson,43,jmitchell@example.org,Marketing,Consultant,87483.0,1975-09-15,2015-03-14,2
50697,Catherine Williams,51,mmartin@example.com,Marketing,Analyst,64471.0,2002-03-07,2017-08-14,3
61568,Heather Miller,60,christianallison@example.net,IT,Director,169741.0,1987-08-26,2015-02-21,5
48384,Jesse Robinson,28,jennifer70@example.com,HR,Consultant,86108.0,1964-05-22,2022-11-21,3
50307,Jeffrey Payne,55,davisnicholas@example.com,Sales,Analyst,51159.0,1997-02-05,2017-04-23,3
13959,Ruth Calderon,53,gbell@example.net,Legal,Manager,109752.0,1995-09-02,2018-01-10,4
11248,Robert Cummings,23,scottcrosby@example.com,IT,Manager,99190.0,1995-09-16,2017-02-07,2
45155,Lisa Snyder,29,charleswilkins@example.net,Finance,Analyst,62781.0,1974-11-06,2023-02-09,5
31416,Benjamin Collins,50,paulpeter@example.com,Sales,Executive,228047.0,1981-01-21,2018-07-19,1
44655,John Obrien,58,weaverjohn@example.com,IT,Intern,46161.0,1964-12-12,2024-01-26,5
56298,Neil Young,47,rmiller@example.org,Legal,Director,163207.0,1966-09-03,2024-05-30,3
81208,Jennifer Harrison,53,kimberlymontoya@example.org,HR,Executive,178109.0,1988-08-11,2022-06-22,3
22689,Stephen Russell,52,barrettnicole@example.com,Operations,Consultant,74179.0,1989-04-20,2019-04-16,4
75729,Donna Owens,22,milesjohn@example.org,Marketing,Executive,202966.0,1991-06-12,2024-12-02,3
39744,Joseph Medina,52,juliebrown@example.net,Operations,Manager,85206.0,1997-09-04,2020-01-19,5
55647,Lisa Garcia,34,vsanchez@example.org,HR,Consultant,79065.0,1969-06-14,2016-01-27,4
31430,Hannah Santiago,40,hugheskenneth@example.org,IT,Analyst,57743.0,1992-08-31,2024-10-07,5
70618,Robert Hall,37,juliajackson@example.net,Operations,Analyst,59911.0,1998-07-19,2023-11-07,5
24498,Jennifer Porter,23,ebony92@example.com,Finance,Analyst,,1968-08-06,2021-01-25,4
98535,Corey Marshall,58,bendersandra@example.com,Sales,Specialist,67097.0,1969-01-19,2021-04-06,5
23939,Dr. Mike Lewis DVM,58,tonyagarcia@example.org,Operations,Consultant,72425.0,1990-11-08,2019-10-01,4
18993,Emily Green,35,hortonbenjamin@example.com,Marketing,Manager,,1968-09-16,2016-11-05,3
44551,Russell Mills,46,kristymiddleton@example.org,Sales,Intern,43113.0,1964-06-04,2019-12-07,3
41618,Robert Camacho,60,tylercowan@example.com,Marketing,Manager,83402.0,1976-11-22,2018-11-15,5
38375,Gina Sanchez,26,brian56@example.org,HR,Director,146506.0,1966-06-02,2018-04-01,1
78106,Amanda Glover,47,desireelopez@example.net,HR,Specialist,50659.0,1994-01-18,2023-05-04,1
93049,James Mitchell,24,jennifer26@example.com,Operations,Executive,,1977-09-20,2023-08-11,4
70419,Jesse Brooks,39,brittany13@example.org,IT,Executive,128562.0,1964-08-05,2016-04-06,4
71331,John Caldwell,48,lcantu@example.net,IT,Analyst,55991.0,1996-08-15,2017-06-19,2
39228,James Robinson,23,,Operations,Specialist,68898.0,1973-11-18,2024-07-25,4
83330,Bradley Warren,51,,IT,Analyst,57278.0,1968-05-05,2023-11-23,1
82038,John Kelly,23,,IT,Consultant,,1987-08-17,2017-09-22,4
97704,Rachel Martin,31,christina97@example.com,Marketing,Intern,30144.0,1979-05-02,2018-03-25,2
92925,Randall Henderson,47,kelleychad@example.org,HR,Specialist,72651.0,2000-02-25,2024-07-02,5
21024,Tracy Gordon,55,james55@example.com,HR,Consultant,77558.0,1978-02-25,2016-04-23,4
20120,Anna Hall,50,collinskatherine@example.org,Legal,Analyst,57089.0,1986-12-05,2017-03-28,5
47187,Charlene Khan,51,oevans@example.org,HR,Intern,39649.0,1994-10-07,2023-08-07,5
37710,Desiree Murphy,55,rebeccahoover@example.net,HR,Executive,,1985-05-28,2018-11-04,4
74946,Clarence Johnson,55,gary42@example.org,Operations,Intern,49678.0,1977-11-24,2020-11-13,3
98045,Joseph Cervantes,33,bmann@example.net,Operations,Executive,178532.0,1987-02-07,2023-03-22,5
32468,Anna White,30,vazquezjacob@example.com,IT,Consultant,,2002-04-11,2018-05-20,5
49938,Brian Davis,30,jonathan48@example.org,HR,Director,185200.0,1968-01-29,2018-07-14,2
11184,Jacob Peters,34,belllouis@example.com,Marketing,Director,,1983-02-24,2019-12-05,5
90719,Michael Underwood,34,wrightamber@example.org,Legal,Intern,40100.0,1968-06-16,2015-09-15,3
76168,Christy Wilson,32,brandon83@example.net,IT,Specialist,69117.0,1994-12-06,2021-08-28,4
13568,Jerry Mahoney,49,yerickson@example.org,HR,Analyst,62680.0,1979-03-03,2015-09-14,4
57921,Patricia Norman,28,karen47@example.net,Marketing,Analyst,67873.0,1969-04-26,2017-08-30,5
67957,Marie Gordon,54,connor17@example.net,Sales,Director,167375.0,1974-01-20,2016-11-21,1
19057,Christine George,33,jonathan68@example.com,Marketing,Specialist,53214.0,1965-03-11,2021-02-06,2
23784,Joshua Peterson,34,robertslisa@example.com,Finance,Consultant,73908.0,1965-03-04,2016-12-25,2
43393,Ms. Barbara Massey MD,47,xcervantes@example.org,Operations,Consultant,67295.0,2000-04-30,2020-02-19,2
49530,Autumn Dunn,34,martinezdavid@example.org,IT,Manager,86129.0,1980-09-15,2019-08-03,5
20213,Michelle Jackson,38,rodney36@example.net,Marketing,Executive,110311.0,1973-02-17,2023-05-14,4
17431,Jerry Griffin,33,uwilson@example.net,Marketing,Specialist,,1998-11-18,2020-09-02,5
87232,Robert Soto,22,tranjohn@example.net,IT,Intern,30820.0,1997-01-09,2022-02-10,1
33753,Debra Murphy,57,reevesjohnny@example.net,Operations,Director,,1976-08-30,2019-02-18,4
25869,Michelle Mckay,29,nicholas50@example.net,Legal,Manager,118334.0,2002-12-26,2019-11-05,3
68932,Eric Lane,55,harrisamy@example.com,Marketing,Intern,42355.0,1983-02-19,2016-12-29,4
13767,Aaron Hall,27,kimberly36@example.com,Marketing,Consultant,63258.0,1999-09-08,2017-05-19,2
84681,Thomas West,46,tuckerkimberly@example.net,Operations,Analyst,64019.0,1966-09-03,2022-09-27,5
12997,Ariana Johnson,60,andrew35@example.com,HR,Specialist,55805.0,1983-08-07,2017-11-29,5
27104,Michael White,40,natashaali@example.com,Legal,Executive,100647.0,1982-12-31,2019-11-06,3
89578,Nicole Valdez,50,dcooper@example.org,Operations,Executive,176127.0,1979-04-29,2024-12-06,3
55682,Antonio Carey,59,hobbslinda@example.org,Sales,Director,199850.0,1992-08-19,2024-01-07,2
50958,Russell Nolan,25,vincent80@example.org,Operations,Director,156866.0,1994-08-25,2023-07-12,1
58571,Adam Sims,56,michael73@example.org,IT,Specialist,69792.0,2001-05-08,2015-10-17,4
19287,Susan Figueroa,41,hmclean@example.org,Sales,Intern,34986.0,1971-10-13,2024-04-05,1
67532,Casey Lee,34,carlmoore@example.org,IT,Director,159000.0,1991-01-08,2023-01-12,4
78666,Amy Singh,59,greg78@example.net,IT,Manager,104727.0,1977-08-16,2019-03-29,2
19427,Nathan Perkins,43,michael11@example.com,Marketing,Consultant,62210.0,1988-01-21,2016-02-22,5
58041,Jason Wolf,39,jenniferhernandez@example.org,HR,Director,191757.0,1987-11-04,2017-02-12,4
14039,Frances Bell,47,weissjudy@example.net,Operations,Executive,178579.0,1997-02-06,2018-02-08,3
38625,Michael White,35,jasonharper@example.com,Legal,Executive,124578.0,1995-05-31,2015-08-26,5
55854,Samantha Haney,34,brent83@example.com,Finance,Analyst,68694.0,1990-03-27,2023-12-08,3
98664,Brian Rose,27,hortontammy@example.org,Marketing,Specialist,,1987-11-27,2024-10-25,3
93999,Daniel Fernandez,60,crystal26@example.com,Legal,Executive,133787.0,1968-08-24,2023-02-07,4
99414,David Morgan,45,janice28@example.org,Operations,Executive,106604.0,1998-07-03,2016-05-27,1
61489,Ashley Anderson,39,valenciagina@example.org,Operations,Consultant,74765.0,1994-08-07,2022-06-19,1
89340,James Rogers,54,klopez@example.net,Marketing,Analyst,68027.0,1986-11-14,2023-03-23,2
18578,Barbara Pacheco,55,thomasjohnson@example.com,Sales,Specialist,74907.0,1995-09-18,2017-01-09,1
43724,Patricia Garcia,39,moorederek@example.com,Sales,Specialist,53307.0,1999-11-17,2018-04-08,1
36084,Sonya Beltran,60,jeffreyparker@example.com,HR,Specialist,59418.0,1978-12-29,2023-08-06,2
48028,Christopher Joseph,60,nicholas04@example.com,IT,Specialist,52804.0,1992-07-31,2022-05-17,4
90578,Ryan Joseph,42,scott88@example.net,Finance,Analyst,51617.0,1974-03-09,2018-02-15,2
85463,Rachel Mcdowell,40,smithmeghan@example.org,Operations,Manager,75837.0,1988-12-13,2015-05-20,1
87672,Kaylee Cooke,53,gcompton@example.org,IT,Analyst,61902.0,1997-02-28,2023-02-07,3
67219,Courtney Armstrong,39,sophia99@example.net,Marketing,Intern,40985.0,1974-07-23,2015-02-13,5
84184,Douglas Watkins,34,lucasandrea@example.net,Sales,Manager,112891.0,1984-02-26,2024-05-19,1
65553,Chris Miller,46,kimberlymiller@example.com,Sales,Consultant,89882.0,1989-02-03,2024-10-15,4
25736,Adam Ball,49,ricardo81@example.org,Operations,Consultant,63180.0,1984-09-30,2022-09-01,1
76572,Andrea Jackson,53,robyn05@example.org,Finance,Analyst,62331.0,1981-12-16,2015-03-13,2
22903,John Garcia,55,mercerjonathan@example.org,Finance,Intern,40290.0,1984-04-05,2023-02-09,1
55851,Melissa Miller,37,thompsonjessica@example.net,IT,Manager,105968.0,1993-03-16,2016-12-06,5
17508,Karen Duncan,53,alex63@example.org,Operations,Director,125401.0,2002-04-29,2020-11-07,5
45930,Clarence Green,31,murphyjeffrey@example.net,Legal,Manager,,1989-01-13,2016-05-16,3
21257,Stacey Campbell,38,whuff@example.com,HR,Intern,32327.0,1995-02-24,2018-08-30,4
51128,Jessica Williams,31,lambertmegan@example.net,IT,Director,187039.0,1980-03-25,2015-02-20,4
84178,George Casey,36,qpacheco@example.net,Finance,Executive,148729.0,1966-05-12,2016-09-26,1
68264,Andrew Gutierrez,33,,IT,Manager,94269.0,1977-12-02,2021-09-28,3
38762,Jennifer Hale,37,roberthogan@example.org,Sales,Executive,,1990-05-16,2016-01-15,4
39948,Angela Scott,31,,Finance,Consultant,84177.0,1980-06-24,2015-05-15,1
89113,Bryan Woods,49,zcrawford@example.net,Legal,Executive,150653.0,2000-10-24,2024-07-22,5
49659,David Le,59,eric64@example.org,Sales,Analyst,62501.0,1991-09-02,2023-05-18,1
93851,Sherri Vincent,46,crystalanderson@example.com,HR,Analyst,59568.0,1985-09-22,2016-01-15,4
43690,Thomas Moreno,32,johnsonrichard@example.org,Finance,Executive,193818.0,1991-11-06,2020-11-13,4
24644,Donna Hoffman,52,stephenhale@example.com,Sales,Manager,95352.0,1990-07-05,2023-03-17,1
18599,Danielle Dougherty,41,ynicholson@example.net,IT,Specialist,63702.0,2001-04-15,2023-05-10,4
29283,Sarah Clark,49,stanleyjoseph@example.com,Legal,Consultant,76715.0,1980-05-05,2016-07-22,4
55797,Eric Adams,59,qthomas@example.net,Marketing,Director,141103.0,1972-10-01,2020-08-21,3
61689,Joshua Lowe,29,aprilwells@example.net,Legal,Analyst,59385.0,1977-02-20,2024-11-21,3
84205,Veronica Smith,42,josephbriggs@example.net,Finance,Consultant,80987.0,1998-04-17,2024-06-23,4
96178,Randall Chandler,49,fnunez@example.com,Legal,Specialist,73394.0,1978-05-17,2024-09-16,3
52402,Jessica Reynolds,50,jennifer60@example.org,Marketing,Manager,111466.0,1979-04-05,2016-01-27,1
42443,Tammy Hall,48,dleach@example.com,Legal,Specialist,77104.0,1977-02-03,2016-07-30,4
51431,Austin Flowers,38,xthomas@example.org,Sales,Director,162407.0,1999-05-16,2015-07-09,2
26520,Kimberly Rodriguez DDS,23,smorales@example.com,Legal,Manager,104095.0,1974-05-30,2021-05-29,4
24885,Vanessa Coleman,30,sduke@example.net,Legal,Specialist,70746.0,1983-08-21,2017-04-05,5
77607,Cristian Kirby,46,bergjessica@example.org,Legal,Manager,91052.0,1965-06-08,2018-05-10,2
91885,Jonathan Crawford,32,jessica73@example.net,HR,Specialist,52176.0,1983-05-24,2016-05-17,1
78651,Scott Adams,60,barnespatricia@example.org,HR,Intern,33223.0,2000-03-07,2020-01-29,3
61932,Alexander Cooper,51,gloria65@example.com,Sales,Consultant,62357.0,1977-03-22,2017-12-25,4
10085,Stephanie Owens,22,mezajillian@example.net,Sales,Consultant,87759.0,1982-07-09,2020-07-23,5
79190,Cindy Owens,45,portersandra@example.com,Operations,Analyst,68392.0,1992-01-29,2024-11-15,2
91434,Tyler Johnson,37,lindajackson@example.org,Finance,Specialist,67889.0,2000-11-04,2024-06-04,4
63891,Erin Dunn,27,ruizautumn@example.net,Operations,Analyst,67183.0,1988-07-03,2022-04-12,3
19479,Nicole Sims,36,amanda83@example.com,Finance,Consultant,60055.0,1965-05-08,2020-02-02,3
42354,Mr. Randall Benitez,42,glennvaldez@example.com,HR,Executive,104866.0,1992-03-26,2019-09-06,5
51379,Stephen Thomas,22,andreagregory@example.com,Finance,Consultant,83749.0,1982-09-06,2018-11-04,3
72899,Evan Mcdonald,57,jacquelinehaley@example.net,Finance,Specialist,71717.0,2002-06-05,2024-11-01,2
87420,Gina Choi,42,jake10@example.com,HR,Executive,158265.0,1993-01-21,2018-03-09,1
72275,Alan Randall,45,mccoyadam@example.org,HR,Director,160498.0,1973-12-02,2021-11-10,3
71827,Isaiah Green,50,ldavis@example.com,Sales,Manager,82394.0,1979-11-13,2015-07-31,2
17428,Jennifer Moore,58,,HR,Analyst,55034.0,1993-02-26,2022-10-06,5
19148,Todd White,59,duanewilson@example.net,IT,Manager,83128.0,1988-07-20,2021-06-23,3
83613,Mr. Kevin Townsend,28,tammyallen@example.net,Finance,Manager,100413.0,1967-03-05,2022-03-11,5
82446,Michelle Thompson,27,jackson11@example.com,HR,Director,122055.0,1993-08-22,2021-01-10,4
51102,Christopher King,22,brandi03@example.com,HR,Analyst,69187.0,1988-12-12,2023-04-12,3
62120,Christopher Gill,38,asparks@example.org,Finance,Manager,91311.0,1988-02-27,2019-01-11,4
42774,Kurt Day II,35,annettehebert@example.net,Marketing,Consultant,63323.0,1974-06-20,2023-12-29,5
41152,Bradley Hawkins,29,rodneybarker@example.net,IT,Intern,38047.0,1980-11-23,2023-08-20,3
62721,Mr. David Kennedy,24,sean86@example.com,Operations,Director,,1980-12-04,2019-04-18,4
91995,Steven Cook,37,nicolebonilla@example.net,HR,Executive,158714.0,2002-10-16,2024-09-07,4
87925,Franklin Brown,52,sarahyork@example.net,Marketing,Analyst,69452.0,1969-10-14,2016-10-30,1
55922,Darren Newman,28,rsmith@example.com,Finance,Director,190384.0,1974-12-26,2024-10-07,5
58042,Deanna Hess,60,carolinerobertson@example.org,IT,Executive,238212.0,2003-01-12,2023-09-13,2
18413,Brian Hall,47,frazieralyssa@example.org,Operations,Intern,35454.0,1977-06-16,2024-12-20,5
39444,Bethany Johnson,32,juliesmith@example.com,Sales,Analyst,54440.0,2002-04-19,2016-08-07,1
79443,Joshua Brown,55,jason73@example.org,Finance,Consultant,80351.0,1966-05-21,2021-02-07,4
90171,Catherine Alexander,41,tjackson@example.com,Legal,Manager,77539.0,1967-01-30,2015-03-09,1
67782,Andrea Young,34,thickman@example.com,Marketing,Intern,42922.0,1997-05-12,2020-11-20,5
34370,Marie Jimenez,22,etaylor@example.com,Finance,Director,195664.0,1970-01-19,2022-12-31,1
53388,Paul Barker,35,sandra44@example.org,Sales,Analyst,66913.0,1970-12-08,2019-03-17,1
78386,Ann Manning,38,christinamartinez@example.org,Operations,Manager,108291.0,1965-03-19,2021-12-21,1
63357,Christine Escobar,53,stephanie73@example.org,HR,Director,146733.0,1997-03-03,2024-03-31,1
46738,Drew Kaufman,53,malik33@example.com,IT,Executive,217931.0,1966-11-11,2016-03-26,4
94408,Jamie Miles,60,nicholas60@example.net,Sales,Analyst,68694.0,1967-02-16,2018-09-24,1
30433,Julie Sanders,40,kleinjason@example.org,IT,Director,198582.0,1984-02-29,2021-10-13,1
81789,Terrance Moore,41,amberhorton@example.org,Finance,Analyst,52238.0,1978-06-05,2022-02-04,4
66103,Martin Romero,29,campbellbrianna@example.com,Legal,Manager,108913.0,1994-11-08,2024-07-29,4
95387,Gerald Herrera,46,terri64@example.org,Operations,Consultant,65483.0,1994-10-27,2020-09-09,1
95116,Lori Brewer,25,molinachristopher@example.net,HR,Specialist,77128.0,1998-12-18,2022-11-11,2
93699,John Hubbard,31,rachel30@example.net,Legal,Manager,83886.0,1991-05-31,2023-10-04,3
51790,Amanda Wright,60,angelarocha@example.com,Sales,Manager,110731.0,1996-08-12,2022-12-03,5
91773,Marcus Lewis,40,yangpaul@example.com,Operations,Executive,200529.0,1979-01-23,2017-07-14,2
55354,Michael Young,24,brian82@example.org,Operations,Intern,34142.0,1991-07-21,2023-07-15,3
56892,Dawn Lambert,45,dennis82@example.net,Finance,Analyst,66974.0,1997-06-09,2017-08-08,4
96649,Daniel Harrison,36,joshua59@example.net,Operations,Consultant,64892.0,1976-08-21,2020-02-26,5
18006,Scott Brown,37,anthony99@example.com,HR,Consultant,63353.0,1996-10-24,2016-03-09,5
90194,Ana Barnett,22,keithblackburn@example.com,Marketing,Specialist,73851.0,1975-12-01,2020-10-22,1
98381,Steven Reyes,42,eugene73@example.net,Operations,Intern,41457.0,1998-01-30,2016-09-07,2
46458,Christopher Mitchell,56,martinezconnor@example.net,Marketing,Consultant,75602.0,1978-04-29,2016-12-16,5
12073,Laurie Turner,43,jeff22@example.org,Marketing,Director,182040.0,1979-03-06,2017-03-17,2
23002,Kevin Hernandez,47,sandovalian@example.com,Operations,Consultant,74261.0,1970-08-21,2023-05-31,4
31030,Jasmine Li,49,elizabethrodriguez@example.net,Marketing,Executive,123692.0,2002-08-01,2023-10-16,3
51548,Gary Cruz,45,kathryn08@example.com,Marketing,Manager,117003.0,1999-12-19,2016-11-03,4
57468,Nicholas Houston,41,edwardsbenjamin@example.com,IT,Manager,112810.0,1989-01-30,2019-01-17,3
69059,Linda Moore,28,cynthiasharp@example.org,Sales,Analyst,69527.0,1980-11-07,2023-07-11,4
64187,Justin Greene,53,lclayton@example.org,Marketing,Analyst,50352.0,1977-08-12,2021-02-27,4
21191,Tracey Mason,31,nsingh@example.com,Finance,Analyst,67645.0,1991-11-16,2020-09-01,4
86977,Emily Morales,44,galvanjasmin@example.net,Legal,Analyst,50255.0,1975-05-26,2021-08-21,2
28102,Matthew Waller,50,gilleric@example.com,Legal,Manager,92560.0,1969-03-28,2015-07-16,5
78876,Victoria Young,28,justin05@example.net,Finance,Director,198979.0,2001-05-09,2019-08-30,2
99065,James Steele,57,laurenbradford@example.net,Finance,Manager,107865.0,1965-11-26,2017-07-15,5
93383,Austin Nelson,37,martinjohnson@example.net,Operations,Director,166248.0,1972-12-08,2017-10-13,1
40413,Jackie Santana,29,stewartjennifer@example.com,Finance,Specialist,53202.0,1974-03-09,2015-10-13,3
64749,David Hahn,25,farmerbrenda@example.com,IT,Consultant,62683.0,1990-04-16,2022-03-14,3
56616,Jenna Ross,57,patricia30@example.net,Operations,Intern,39267.0,1998-05-09,2020-03-02,3
84958,Jennifer Evans,45,karen16@example.org,Sales,Executive,215330.0,1968-08-17,2024-02-13,2
22852,Peter Anderson,26,lmitchell@example.net,Legal,Consultant,72668.0,1965-04-14,2018-03-25,2
94202,Danielle Garcia,36,justin08@example.org,Legal,Analyst,,1998-03-28,2024-01-08,1
51265,Justin Hayden,45,vangscott@example.com,IT,Specialist,70136.0,1992-07-14,2023-11-19,2
87385,David Henry,56,michael08@example.net,Sales,Executive,124322.0,1967-06-22,2020-08-05,2
89995,Brian Wright,45,hannah43@example.org,HR,Analyst,63548.0,1983-04-24,2018-08-31,3
86986,Laura Reyes,54,carpenterkatherine@example.org,Operations,Analyst,53325.0,1979-07-12,2017-12-30,3
65530,Julie Irwin,33,kellyschmidt@example.net,Marketing,Executive,246118.0,1968-08-29,2020-04-14,3
71251,James Barnes,29,pattersonpeter@example.org,Sales,Intern,40173.0,1993-09-13,2019-10-17,5
21798,Connor Patel MD,45,vanessawest@example.com,Marketing,Specialist,50349.0,1982-12-04,2020-02-10,4
65711,Jennifer Smith DDS,25,andrew14@example.com,Marketing,Executive,125529.0,1990-05-10,2017-10-26,1
66902,Mark Smith,47,kirbyjessica@example.net,IT,Analyst,67364.0,1972-06-15,2015-08-09,5
12878,Justin Berger,36,murphytammy@example.org,Sales,Manager,112202.0,1982-05-01,2019-03-22,5
22241,Annette Rios,40,jessicacharles@example.com,Sales,Executive,239200.0,1990-02-21,2016-05-11,5
30801,Heather Martinez,53,dana22@example.org,Marketing,Intern,30515.0,1984-03-10,2019-09-08,5
79882,Matthew Davidson,24,jeanpierce@example.org,IT,Director,144370.0,1977-08-02,2018-10-18,5
80107,Tara Cook,52,heather46@example.org,Legal,Intern,43774.0,1973-12-18,2017-04-26,1
33227,Dennis Diaz,24,anna87@example.net,Marketing,Consultant,72466.0,2000-06-27,2018-12-02,1
79938,John Gomez,48,dturner@example.com,Legal,Manager,70774.0,2000-02-06,2022-11-13,2
99463,Christina Hughes,45,rharding@example.net,IT,Consultant,81651.0,1986-01-30,2024-12-25,5
67397,Brandy Campbell,42,cynthiahoover@example.net,Finance,Analyst,,1994-11-01,2017-02-11,3
97817,Michael Carter,44,cindycastillo@example.net,Finance,Intern,30248.0,1993-03-18,2015-05-01,5
87169,Rachel Wheeler,55,david78@example.net,Sales,Director,159671.0,1968-06-03,2024-09-24,5
54783,Michael Nelson,54,joel27@example.net,HR,Intern,45602.0,1982-06-24,2015-10-11,2
59745,Gary Moyer,55,cbarnes@example.org,Finance,Manager,79333.0,1964-04-25,2018-08-28,2
66488,Benjamin Bray,43,joanna23@example.net,Finance,Consultant,79616.0,2000-05-22,2015-02-15,2
37224,Ian Hunt,31,mooremichael@example.org,Marketing,Manager,108224.0,1987-05-21,2015-12-28,1
54313,Karen Jones,59,gmccormick@example.org,HR,Director,152534.0,1979-12-30,2023-05-30,3
76900,Monica Wilkerson,48,lewispeter@example.com,Finance,Specialist,77834.0,1965-03-19,2017-04-18,1
56320,Harold Blackwell,59,ramosroger@example.org,IT,Manager,114913.0,1982-02-10,2024-05-20,3
72283,Todd Gonzalez,54,imeyer@example.com,HR,Consultant,68024.0,1967-01-21,2018-11-04,4
19335,Erin Quinn,45,justinporter@example.com,Finance,Intern,38881.0,1981-04-10,2021-12-30,4
31227,Todd Moore,33,emoore@example.org,Sales,Specialist,71242.0,2001-07-04,2021-11-04,3
18133,Derrick Small,31,garciamichael@example.net,Sales,Intern,30518.0,1971-08-27,2017-11-16,3
84118,Martha Moore,38,anthonyjohnson@example.net,Sales,Specialist,73389.0,1988-05-25,2023-07-23,5
21251,Nathan Wagner,35,williamskelly@example.com,Marketing,Specialist,58085.0,1991-08-27,2020-06-18,1
45582,Wanda Spencer,22,woodsethan@example.org,Finance,Specialist,62536.0,1964-12-04,2017-02-17,5
79843,Katie Hill,52,vortiz@example.com,Operations,Director,140272.0,1968-05-04,2019-11-02,5
34028,Thomas Ross,25,christopher42@example.com,Legal,Analyst,56755.0,1965-12-27,2022-04-17,2
29490,Alyssa Wolf,54,dennis75@example.org,Operations,Consultant,87775.0,1995-07-27,2017-05-04,3
75520,Brittney Morris,30,denisewest@example.net,Finance,Manager,117952.0,1993-03-23,2023-03-25,3
75659,Ryan Benjamin,33,ibennett@example.net,IT,Intern,33728.0,1997-01-02,2018-12-20,4
95682,Mrs. Jessica Daniel PhD,49,hallmartin@example.net,HR,Analyst,63660.0,1981-09-07,2021-12-07,5
79743,Robert Drake,47,vbates@example.net,HR,Consultant,63260.0,1984-05-05,2022-02-06,5
53201,Ryan Bradley,51,youngderek@example.net,Finance,Consultant,81338.0,1998-07-18,2024-02-27,3
18122,Jennifer Mcguire,42,patrick04@example.org,HR,Specialist,71102.0,1990-01-27,2024-09-30,2
65768,Kimberly Andrews,59,johnsonmichael@example.net,Operations,Specialist,76131.0,1979-12-16,2018-07-01,2
15776,Maria Ibarra,28,jacksonkevin@example.net,Operations,Executive,245851.0,1982-07-24,2015-09-07,3
54532,Daniel Barnes,55,francisadrian@example.net,Legal,Analyst,60503.0,1987-03-31,2023-05-10,1
86984,John Copeland,27,shicks@example.com,HR,Director,156575.0,1991-08-30,2022-01-20,2
39282,Virginia Livingston,45,jrichardson@example.com,IT,Director,141026.0,1997-12-06,2016-06-09,5
64143,Erika Pollard,23,lopezvictoria@example.org,Finance,Intern,35053.0,1998-06-25,2017-09-23,2
55141,Kelly Garcia,35,kathrynstuart@example.com,IT,Director,162179.0,1969-04-27,2021-11-09,1
26083,David Allen,39,davidwallace@example.org,Marketing,Analyst,63091.0,1996-11-11,2023-02-12,3
96772,Stacy Hunt,44,riosbelinda@example.com,HR,Consultant,82858.0,1991-08-19,2023-11-14,3
47010,Amber Patton,59,krystalpowell@example.net,Marketing,Executive,187108.0,1968-09-12,2017-03-22,2
45710,Mrs. Peggy Quinn MD,33,respinoza@example.org,Sales,Executive,237464.0,1975-09-09,2022-01-09,1
65322,Daniel Long,24,oaguilar@example.org,Operations,Manager,110616.0,1993-12-12,2017-10-23,4
77313,Christine Navarro,22,oturner@example.org,Legal,Director,162792.0,1964-03-31,2024-01-04,1
50229,Samantha Ramos,56,nicholebaker@example.com,Operations,Executive,146950.0,1976-04-02,2017-04-10,5
19188,Michael Love,30,dreynolds@example.com,Finance,Executive,126048.0,1971-04-15,2018-02-14,5
74119,April Duncan,27,abigail73@example.org,IT,Executive,138714.0,2003-01-20,2024-08-13,3
46035,Stephanie Phillips,38,nolanjuan@example.org,Operations,Director,,1967-01-14,2017-04-28,5
42607,Amy Soto,50,makaylagonzalez@example.org,Operations,Analyst,69643.0,1965-03-15,2017-03-31,1
56406,Shelia Ryan,34,johnny40@example.net,Marketing,Executive,121898.0,1996-05-31,2023-04-17,5
81399,Jason Potter,42,reginald80@example.net,Sales,Analyst,61833.0,2002-03-03,2023-02-21,5
84481,William Freeman,25,moorerichard@example.net,Legal,Executive,170107.0,1981-06-13,2016-05-10,1
78154,Courtney Cunningham,25,christinestein@example.com,Marketing,Specialist,,2002-07-15,2022-03-10,3
59062,Matthew Hampton,50,sarah64@example.net,Legal,Specialist,72006.0,1965-10-04,2023-07-26,4
99100,Dwayne Carey,53,garylee@example.net,Operations,Director,137737.0,1974-04-27,2016-06-28,5
91802,Raymond Barton,38,amandaluna@example.com,Sales,Executive,144054.0,1991-08-06,2024-03-13,3
66571,Steven Gates,27,kevin72@example.com,IT,Analyst,54149.0,2000-11-03,2017-02-01,4
55033,Virginia Lawrence,28,michael57@example.org,Legal,Analyst,65790.0,1972-05-11,2021-11-29,1
70820,Justin Carr,51,tamara75@example.net,Operations,Analyst,67087.0,1993-01-16,2017-12-27,1
83333,John Silva,45,,Operations,Director,133750.0,1971-02-27,2023-06-20,3
59779,Colleen Sims,23,rebeccacastro@example.com,IT,Specialist,51765.0,1993-12-08,2017-12-22,5
40745,Luis Snow,28,stephenbell@example.net,Operations,Director,159763.0,1982-05-14,2018-03-25,3
57797,Joe Bush,24,katherinesmith@example.net,IT,Consultant,76985.0,1994-11-22,2018-04-30,3
51148,Caitlin Waters,44,nathanhudson@example.com,Operations,Analyst,61404.0,1977-12-29,2022-03-25,1
47757,Derrick Landry,48,hblack@example.com,HR,Executive,,1985-08-02,2016-06-04,4
42411,Leah Mcdonald,53,darrylarnold@example.net,Marketing,Executive,239153.0,1994-09-24,2015-06-05,3
77456,Charles Palmer,57,jonathansimpson@example.net,Legal,Intern,42835.0,1970-08-26,2016-11-02,2
57584,Robert Mitchell,52,jessica48@example.org,IT,Analyst,57243.0,1982-01-08,2021-07-21,1
96162,Samuel Huffman,22,erussell@example.net,Finance,Specialist,,2002-08-25,2020-10-18,3
96925,Timothy Snyder,36,pruittjennifer@example.org,Legal,Executive,208923.0,1970-01-20,2023-06-15,5
32684,Shannon Hernandez,26,sheryl72@example.org,Legal,Manager,92944.0,1970-10-14,2022-04-29,5
69164,Sarah Alvarado,47,agarrison@example.com,IT,Analyst,58895.0,1988-07-26,2024-04-21,5
81549,Roberta Lucas,51,bryancisneros@example.net,HR,Specialist,77057.0,2001-09-26,2019-08-06,2
85087,Cheyenne Murray,57,dbell@example.com,Operations,Manager,89853.0,2000-08-10,2018-11-16,5
91984,Adam Singleton,25,jessica96@example.net,Finance,Director,121171.0,1969-10-18,2015-07-09,4
94153,Mary Adams,30,megan03@example.net,Marketing,Director,196982.0,1975-02-15,2024-03-14,1
25656,Matthew Gibbs,41,donald10@example.com,Marketing,Consultant,84028.0,1972-02-11,2018-05-16,1
45831,Laura Lambert,39,mary92@example.net,IT,Intern,45306.0,1991-04-18,2023-03-08,5
68509,Carlos Wilson,59,tammysanders@example.org,IT,Director,195627.0,1981-01-16,2022-03-21,3
60209,Allison Mcclure,58,christinearmstrong@example.net,Legal,Intern,35661.0,1985-10-28,2023-05-10,5
81135,David Allen,43,fmcintyre@example.org,Marketing,Analyst,50698.0,1976-11-04,2018-01-23,1
72467,Anne Gordon,43,katherinewilliams@example.net,HR,Manager,112290.0,1969-07-23,2024-01-01,5
50187,Linda Cook,34,anthony55@example.com,Legal,Director,161940.0,1979-11-16,2018-01-13,1
79775,Nicole Grimes,23,brian31@example.net,Legal,Executive,190078.0,1994-01-16,2024-10-25,4
93371,Amanda Robinson,33,wesleychan@example.net,Sales,Manager,83074.0,1979-10-10,2018-06-02,3
59096,Joshua Sanchez,51,sarahroberts@example.net,Marketing,Executive,233919.0,1982-04-06,2024-07-05,2
55023,Kathy Rodgers DDS,60,evansalicia@example.com,Legal,Specialist,70735.0,1973-10-13,2015-06-11,4
59524,Maria Smith,47,sydney01@example.org,HR,Director,138087.0,1980-12-23,2019-04-04,4
94098,Matthew Martin,35,susan75@example.org,Operations,Intern,49128.0,1989-06-07,2023-03-04,5
20275,Connie Baker,35,hbrown@example.net,Finance,Specialist,60368.0,1964-02-12,2016-08-27,5
94969,Michelle Black,52,prussell@example.com,IT,Director,134607.0,1984-08-30,2022-08-26,3
32889,Jenna Anderson,38,robin93@example.net,Sales,Specialist,52649.0,1978-10-15,2018-02-08,3
54757,Grace Gonzalez,49,kristahuber@example.org,Sales,Manager,107807.0,2000-02-08,2018-12-14,3
58358,Joanna Lopez,26,vaughnaustin@example.com,IT,Specialist,76859.0,1994-04-09,2016-06-25,5
54955,Luis Newman,34,stephanieadkins@example.net,Legal,Specialist,74903.0,1966-01-22,2021-09-23,4
29040,Ian Schultz,42,justinunderwood@example.net,Legal,Manager,111905.0,1991-03-21,2020-02-07,2
56725,Cathy Hall,30,robertberry@example.com,Legal,Manager,86607.0,2002-05-13,2019-12-08,2
20652,Joshua Farrell,22,andrewadams@example.com,Operations,Manager,114892.0,1972-06-28,2015-03-31,2
58735,Angela Lane,30,wmedina@example.org,Finance,Executive,232668.0,2001-05-19,2018-10-08,3
14434,Julie Meadows,58,nicolejacobs@example.com,Marketing,Director,154401.0,1970-10-29,2017-10-08,1
40837,Jenna Sanchez,32,joseph18@example.com,Legal,Manager,79087.0,1979-12-29,2023-11-28,5
29401,Jennifer Johnston,53,willissamuel@example.org,Finance,Analyst,63507.0,1979-12-26,2019-06-11,5
10498,Nathaniel Spencer,37,kevin89@example.org,Legal,Executive,148595.0,1994-11-02,2016-03-08,2
93635,Donna Ford,47,matthewriley@example.org,HR,Executive,109707.0,1974-08-12,2022-12-13,5
54252,Joseph Herman,44,raynicholas@example.com,Finance,Executive,198284.0,1998-06-06,2019-08-12,3
57868,Casey Palmer,37,carolyn12@example.org,Legal,Manager,107153.0,1978-02-24,2017-06-02,2
44861,Angel Stanley,53,andrewross@example.org,IT,Executive,,1992-10-31,2020-01-21,5
48707,Jason Wilson,46,jpatterson@example.org,Sales,Director,145022.0,1967-11-24,2016-11-15,2
70446,Richard Hill,55,kristy15@example.com,Legal,Director,131548.0,1969-11-14,2022-09-06,4
39015,Carol Haney,43,gina42@example.net,HR,Consultant,87768.0,1994-12-06,2024-05-20,1
32212,Emily Myers,46,dhammond@example.net,HR,Director,147128.0,1971-01-25,2019-11-23,4
48100,Steven Hernandez,48,pattyroy@example.org,Operations,Director,120595.0,2000-12-09,2022-08-06,3
29484,Elizabeth Walters,35,mccallpeter@example.net,Marketing,Intern,44233.0,1979-11-29,2018-08-22,2
62461,Anna Mcbride,30,mitchellsusan@example.org,IT,Director,,1990-10-30,2019-04-26,3
30316,Dawn Cross,52,pittssergio@example.com,IT,Intern,44187.0,1968-04-20,2015-04-09,5
98100,Ashley Sutton,49,robertsjames@example.net,IT,Consultant,81920.0,2003-01-13,2017-12-18,4
59999,Jennifer Peterson,44,hrivera@example.com,Sales,Specialist,74058.0,1969-03-24,2023-03-20,1
87335,Michael Torres,38,tanya81@example.com,Operations,Consultant,73240.0,1964-06-07,2018-07-09,1
73841,James Berry,26,huntermichael@example.com,Operations,Analyst,61917.0,1976-08-02,2020-03-14,5
70778,Tammy Allen,49,evanscody@example.org,Marketing,Manager,88083.0,1973-12-14,2022-02-26,1
46317,Sandra Price,36,tinamann@example.org,Legal,Intern,33852.0,2002-11-03,2017-05-24,5
18755,Brian Jones,44,robinsonkurt@example.net,Sales,Specialist,73678.0,1969-06-24,2016-12-18,5
65502,Scott Anderson,23,amy69@example.net,Finance,Intern,36479.0,1999-01-17,2024-03-26,3
74562,Sharon Henry,53,mmorgan@example.org,Legal,Specialist,52583.0,1970-08-20,2018-10-29,4
33713,Joshua Campos,49,jmiles@example.com,HR,Director,136704.0,1999-06-02,2023-11-10,2
23302,Amy Gilbert,43,jeffrey11@example.com,Marketing,Manager,116970.0,1975-03-12,2023-06-08,4
30569,Amy Nelson,32,ashley83@example.org,IT,Intern,35987.0,1972-06-07,2021-04-28,5
30927,Ann Smith,51,margaretvargas@example.net,IT,Executive,166579.0,1971-09-04,2015-10-18,2
54330,Kathryn Carter,36,melendezlogan@example.org,Operations,Intern,48734.0,1986-06-19,2019-02-02,3
83852,Jennifer Evans,47,nmata@example.net,Marketing,Consultant,71838.0,1971-01-05,2024-10-09,5
74705,Michelle Richard,53,brownamber@example.net,Operations,Analyst,65597.0,1998-09-22,2023-12-03,1
21368,Mark Morales,23,jameskent@example.com,Sales,Executive,152732.0,1969-09-11,2016-05-31,2
28618,Paula Morris,43,,Marketing,Manager,114432.0,1998-05-03,2021-03-21,2
83194,Danielle Reid,46,susanjones@example.org,HR,Director,158847.0,2001-05-10,2023-02-09,5
67958,David Powers,48,sandra03@example.org,IT,Manager,113416.0,1988-07-05,2019-01-10,3
76730,Joanna Walters,31,kramsey@example.org,IT,Executive,243853.0,1993-02-17,2022-11-08,3
64807,Justin Owen,38,qkennedy@example.org,HR,Specialist,62726.0,1974-07-01,2018-03-09,5
61479,Hannah Lynch,22,rsmith@example.org,HR,Intern,39139.0,1976-10-26,2019-07-11,4
73155,Mark Oliver,46,samantha22@example.org,Marketing,Consultant,75984.0,1990-07-18,2022-06-20,3
54290,John Miller,25,,IT,Intern,43051.0,1976-09-03,2023-03-19,1
74745,Christopher Allen,55,bakerluis@example.com,Finance,Manager,111395.0,1973-11-06,2016-09-30,2
83418,Dr. Melissa Matthews,58,roy61@example.org,Marketing,Director,123559.0,1964-06-19,2023-08-03,5
37716,Brian Armstrong,60,douglaskristina@example.net,IT,Director,152755.0,1984-02-14,2023-07-29,5
45751,Kimberly Sullivan,55,olsonalexa@example.com,Operations,Intern,44368.0,1965-01-04,2020-02-16,2
98455,Rodney Hammond,46,,Sales,Analyst,52208.0,1983-07-24,2016-10-30,5
48717,Jamie Shaw,35,sabrina69@example.org,Operations,Executive,238882.0,1968-12-18,2020-05-13,5
78016,Tricia Sawyer,53,matthewreed@example.com,Marketing,Specialist,69456.0,1967-04-01,2019-12-30,4
71802,Brett Fitzgerald,28,michael50@example.net,IT,Specialist,69869.0,1996-09-10,2017-10-15,1
22579,Ryan Smith,45,pmorrison@example.com,Finance,Executive,238918.0,1998-11-25,2021-07-18,3
10475,Benjamin Prince,50,robertmartinez@example.net,Marketing,Director,134275.0,1989-06-23,2019-05-07,1
94310,Nicole Hernandez,58,ffaulkner@example.org,HR,Executive,154910.0,1977-11-14,2021-03-15,5
11582,Michael Morris,28,donna37@example.net,Sales,Specialist,76433.0,1992-08-14,2019-02-25,2
73696,Randy Gilmore,27,jeffery14@example.org,Legal,Analyst,51538.0,1995-02-02,2015-08-27,3
13181,Anthony Hart,29,gonzaleztara@example.net,HR,Analyst,61673.0,1978-07-14,2018-09-15,2
97836,Allison Willis,47,chadduran@example.net,Finance,Director,129213.0,2000-07-04,2017-10-20,4
57551,Jennifer Daniel,24,ywilcox@example.com,Finance,Manager,73332.0,1994-02-24,2020-12-10,5
97322,Jesus Hudson,27,cortezrebecca@example.org,Legal,Manager,76739.0,1992-04-29,2024-10-25,1
52765,Carolyn Wood,40,matthewcastro@example.com,IT,Consultant,80426.0,1997-09-09,2015-09-20,2
79927,Martha Thomas,31,whitneymoreno@example.net,Marketing,Consultant,86776.0,1974-07-17,2015-11-10,3
28343,Laura Gentry,51,tmills@example.net,HR,Executive,164650.0,1983-12-12,2019-01-12,1
27640,Kelly Flynn,40,brianfletcher@example.com,Finance,Manager,81362.0,1990-12-22,2017-12-09,5
81120,Robert Martin,47,ramirezrussell@example.net,HR,Specialist,69905.0,1994-07-02,2023-08-04,4
37141,Jordan Odonnell,51,cbates@example.com,Finance,Manager,109031.0,1982-05-21,2020-01-26,2
90636,Henry Baldwin,32,arhodes@example.com,Marketing,Manager,84660.0,1975-01-14,2023-11-23,5
27172,William Ramirez,58,martinezdiana@example.net,Legal,Intern,,1995-01-10,2021-08-24,2
89883,Mary Walls,41,idiaz@example.com,Operations,Consultant,78719.0,1998-11-20,2017-07-10,1
77674,Denise Ray,26,mahoneypaul@example.com,HR,Manager,103292.0,1971-03-07,2020-12-13,2
89090,Joseph Riley,24,michaelcampbell@example.net,IT,Analyst,67570.0,1980-02-15,2016-01-20,1
23729,Lisa Vasquez,34,ellisbryan@example.net,Operations,Intern,32163.0,1989-01-01,2015-12-28,3
47023,Mr. Andre Ferrell,49,carlyruiz@example.net,HR,Manager,77615.0,1968-09-18,2016-09-22,1
69421,Joshua Marshall,54,jessica18@example.org,Marketing,Specialist,65238.0,2002-09-02,2019-10-21,5
20000,Dorothy Arnold,31,vickipayne@example.com,Sales,Executive,148240.0,1984-01-28,2018-10-16,5
33338,Thomas Cooley,26,amy35@example.org,Sales,Consultant,87890.0,1997-03-30,2022-05-27,3
44642,Daniel Miller,45,christopher82@example.com,HR,Executive,211793.0,1989-06-23,2019-02-18,5
72385,Anthony Sanders,58,watkinsjessica@example.org,Marketing,Intern,42129.0,1996-04-13,2016-03-27,4
84416,Drew Bolton,25,perezjacqueline@example.net,HR,Manager,70016.0,1996-11-19,2016-07-22,1
70685,Megan Gomez PhD,31,tmorgan@example.com,Sales,Executive,114335.0,1973-03-09,2021-04-28,1
93369,Michael Hurley,60,alexandermegan@example.com,Operations,Intern,48399.0,1974-04-23,2018-12-22,5
26803,James Robinson,52,isims@example.org,Sales,Intern,36391.0,1967-03-01,2018-12-16,4
76647,Jeffrey Duke,49,carrie26@example.com,Finance,Intern,36184.0,1979-06-27,2020-05-17,1
94538,Amanda Carroll,33,iferguson@example.net,Legal,Director,175294.0,1967-04-06,2019-02-21,5
25401,Joshua Brown,57,corey36@example.com,Marketing,Director,181133.0,1966-11-01,2021-11-04,3
82505,Cassandra Nelson,46,yolson@example.net,Operations,Executive,158111.0,1991-03-18,2021-06-19,5
39115,Kylie Rodriguez,25,oaguilar@example.net,Operations,Manager,116931.0,1978-09-25,2017-11-14,3
56130,Barbara Kelly,60,barbaramiller@example.net,Operations,Consultant,89925.0,1982-05-10,2019-08-15,4
98779,Charlotte Evans,43,carrilloalexander@example.net,Operations,Director,171339.0,1998-11-12,2024-06-07,1
74358,Eric Huang,26,wucameron@example.com,Sales,Manager,101486.0,1979-12-24,2020-12-08,3
55785,Derrick Tran,48,,HR,Intern,34434.0,1974-01-21,2020-03-30,2
41847,Paul Garza,29,gjenkins@example.org,Finance,Director,159277.0,1999-08-09,2017-11-29,5
80396,John Black,59,dkey@example.com,Sales,Analyst,60208.0,1980-11-29,2018-02-27,3
68538,Leroy Greer,56,bcampbell@example.org,Sales,Executive,184744.0,1978-02-21,2021-02-17,2
59683,Summer Dunn,42,alexandra97@example.net,Marketing,Intern,32293.0,1998-05-11,2022-07-17,2
11365,Mary Allen,22,emily32@example.com,Operations,Director,161671.0,1978-07-14,2022-10-14,5
33088,Amanda Waters,42,millerdanielle@example.net,IT,Executive,204993.0,1992-08-26,2017-10-06,5
75706,Joshua Watkins,45,davisemily@example.com,Sales,Executive,203191.0,1987-04-03,2018-02-12,3
89020,Katie Fitzgerald,28,edwin14@example.com,Legal,Manager,100605.0,2002-10-08,2021-02-15,5
77788,Jane Stevenson,59,mjones@example.net,Finance,Intern,,1975-04-07,2016-10-22,3
17537,Bonnie Lawson,49,gomezmaria@example.org,Sales,Intern,49657.0,1987-01-21,2015-02-22,1
82482,Lisa Phillips,37,imoore@example.org,Finance,Intern,48407.0,1990-04-21,2017-10-10,2
53088,Debra Gibson,51,umorgan@example.net,Operations,Specialist,51666.0,1986-12-20,2017-08-01,5
94372,Kelly Gordon,23,hunteremily@example.net,HR,Intern,33065.0,1969-03-02,2016-05-01,4
97305,Nancy Cain,55,hicksjennifer@example.com,Operations,Intern,45082.0,1988-03-22,2020-03-30,3
32814,Todd Moore,41,susanperkins@example.com,HR,Specialist,51177.0,1965-03-01,2025-01-23,4
10270,Jonathan Collier,38,susan67@example.net,HR,Manager,70652.0,1997-12-19,2020-04-30,2
44760,Ryan Taylor,57,nancysteele@example.org,Sales,Executive,233058.0,1985-04-19,2016-12-18,3
60152,Veronica Moyer,53,hmedina@example.org,Finance,Specialist,53497.0,1974-04-12,2024-07-28,1
89662,Thomas Campbell,59,rachel30@example.org,Marketing,Manager,89038.0,1997-01-15,2021-12-14,5
48054,Frank Young,48,louis28@example.com,IT,Executive,221436.0,1973-06-08,2021-03-21,2
89006,Michelle Myers,24,sergio45@example.com,Legal,Consultant,68744.0,2003-01-29,2024-08-16,2
58602,John Alexander,29,smoore@example.org,Sales,Specialist,59057.0,1983-01-10,2017-06-20,2
25722,Aimee Hernandez,26,nataliedavis@example.org,HR,Consultant,80025.0,1965-03-03,2016-09-05,1
74555,Benjamin Greene,40,diane94@example.net,Sales,Director,124174.0,1965-08-28,2018-11-07,1
89035,Whitney Diaz,29,ianmorales@example.com,HR,Manager,85098.0,1980-10-04,2017-02-22,3
58546,Patrick Edwards,49,johnsonemily@example.net,Operations,Consultant,71032.0,2003-01-26,2024-09-21,4
60176,Antonio Pearson,50,nancy88@example.com,Legal,Analyst,60582.0,1968-05-10,2018-03-22,5
72373,Brian Davila,43,,HR,Consultant,74551.0,1980-06-27,2024-10-18,3
39128,Tonya Ford,27,mconner@example.com,Finance,Executive,115858.0,1993-12-10,2022-08-30,5
87640,Amy Heath,57,hooperelizabeth@example.org,Legal,Consultant,61423.0,2000-12-16,2016-12-07,1
19695,Willie Erickson,55,oconnorshannon@example.com,IT,Manager,72409.0,1976-07-13,2018-05-01,2
69483,Kathryn Strong,49,juliequinn@example.net,Finance,Executive,,1977-12-04,2023-03-05,1
76311,Taylor Higgins,52,dakota02@example.net,Sales,Analyst,53236.0,1968-11-18,2015-06-09,3
67344,Jennifer Lee,26,daniel99@example.org,Finance,Manager,115063.0,1988-07-13,2018-03-03,1
45403,Anthony Wong,25,laurenrivera@example.net,Marketing,Director,,1994-04-20,2021-08-19,3
93526,Shane Powell,53,ortegataylor@example.com,Marketing,Consultant,83015.0,1993-05-13,2015-03-06,2
68623,Heather Lambert,49,sandersdaniel@example.org,HR,Executive,,1993-09-09,2021-04-11,4
24309,Theresa Skinner,50,jenniferjackson@example.org,Operations,Analyst,63918.0,1982-02-10,2017-12-04,1
97053,Chad Gutierrez,24,jwalker@example.com,Finance,Analyst,56425.0,1964-08-11,2017-07-21,4
13883,Jessica Grimes,60,anthony06@example.com,HR,Consultant,86949.0,1965-05-17,2021-06-15,2
14345,Joseph Walsh,50,ebaxter@example.org,IT,Executive,246224.0,1990-08-11,2022-12-15,2
51639,Michael York,33,watsonshane@example.net,Finance,Director,169950.0,1968-09-12,2021-11-01,3
71388,Curtis Gutierrez,22,boothheidi@example.net,Marketing,Director,161634.0,1970-03-10,2016-04-22,3
90289,Amber Allen,47,stewartsamantha@example.org,Operations,Analyst,57590.0,1969-08-25,2018-06-08,5
68763,Charles Crawford,50,wilsontommy@example.net,Legal,Intern,42499.0,2002-07-21,2017-02-04,1
28451,Devon Carpenter,42,donna43@example.com,Legal,Consultant,65458.0,1996-12-21,2016-11-18,1
90136,Charles Henry,40,bharris@example.org,Marketing,Consultant,76223.0,1977-09-06,2017-07-06,5
78832,Brenda Mason,58,travis48@example.org,IT,Analyst,50135.0,1980-11-13,2023-07-05,2
13054,Vincent Liu,41,susan33@example.net,Legal,Specialist,61199.0,1965-01-18,2017-08-21,2
54754,Megan Johnson,47,ubrown@example.org,Marketing,Executive,113106.0,1996-10-24,2020-06-21,3
75456,Edward Palmer,31,ashley96@example.org,Finance,Intern,48620.0,2001-10-14,2020-09-25,2
95268,Jennifer Thompson,38,connertrevor@example.com,Legal,Intern,,1991-04-17,2023-12-16,3
97218,Peter Ramirez,46,shelby50@example.net,Legal,Director,142698.0,1975-06-07,2015-10-08,1
93087,Patrick Pearson,57,justinholloway@example.com,Operations,Consultant,76813.0,1970-01-04,2017-08-08,1
32498,William Andersen,49,pmason@example.net,Sales,Specialist,75927.0,1976-03-16,2017-02-11,2
71571,Karen Roberts,23,jaclynwebb@example.org,Marketing,Specialist,55196.0,1981-01-18,2023-11-16,1
35321,Mary Mccarthy,49,michael60@example.org,Finance,Consultant,,1969-12-02,2019-11-18,4
58053,Elizabeth Ramirez,44,spearssamantha@example.org,HR,Intern,43412.0,1972-12-25,2019-05-09,5
61837,James Wiggins,37,stephanie54@example.net,HR,Manager,102379.0,1999-04-06,2019-07-15,5
30391,Michael Heath,23,benjaminmitchell@example.net,Legal,Specialist,56109.0,1985-02-17,2019-08-03,5
41844,Lisa Mendoza,25,santhony@example.net,Operations,Specialist,,1982-06-16,2018-08-25,2
48069,Rita Anderson,51,acolon@example.net,Sales,Manager,76564.0,1986-10-18,2024-12-08,4
37563,Cheryl Decker,37,,Legal,Consultant,68938.0,1996-11-10,2016-08-28,1
34507,Jonathan Goodwin,25,robert04@example.com,Finance,Manager,90741.0,1999-04-04,2023-07-28,2
51032,Wayne James,28,matthew33@example.com,IT,Analyst,67294.0,1970-06-17,2021-06-07,4
41435,Courtney Jacobs,42,william99@example.org,HR,Executive,206222.0,2001-02-24,2022-08-20,4
74659,Maureen Mahoney,29,brendascott@example.com,Legal,Manager,101892.0,1964-08-29,2016-04-09,4
70219,Denise Richardson,35,sheilalee@example.org,Operations,Director,,1990-05-19,2015-12-04,5
84182,Rebecca Potts,31,drobinson@example.com,Finance,Manager,80769.0,1999-07-02,2023-10-02,3
87177,John Anderson,40,wblair@example.com,Operations,Analyst,60995.0,1992-12-15,2020-07-14,1
71320,Sonya Blankenship,23,vincentmaria@example.org,IT,Specialist,64692.0,2002-09-14,2017-07-12,2
43318,Richard Coleman,34,clarkmichael@example.com,HR,Manager,109860.0,1999-03-03,2019-03-01,3
54528,Zachary Rodriguez,50,dale88@example.com,IT,Director,183169.0,1988-11-25,2017-07-03,4
27733,Cody Scott,28,simpsonbrandon@example.com,Marketing,Specialist,52053.0,1995-05-07,2020-04-04,3
71066,Catherine Shepard,57,wallacerobert@example.org,Finance,Director,173162.0,1981-12-14,2019-10-29,4
49270,Martha Caldwell,45,rosalesstephen@example.net,Operations,Analyst,56815.0,1969-08-06,2021-07-12,4
83102,Christina Gonzalez,54,michaelwest@example.org,IT,Intern,47618.0,1989-08-19,2024-10-30,5
73108,Michael Jackson,33,josephhamilton@example.com,Operations,Executive,184162.0,1990-10-28,2015-09-21,3
45359,Corey Patel,58,anthony73@example.net,Finance,Intern,31241.0,1983-09-16,2023-01-03,3
34620,Joseph Hendricks,29,krausegabriella@example.com,Marketing,Director,123085.0,1968-03-27,2022-10-28,2
89096,Dustin Adams,32,michaelcarlson@example.com,Sales,Analyst,57944.0,1983-09-19,2017-07-29,4
10505,Theresa Blair,41,joshualee@example.org,Sales,Intern,30270.0,1976-03-10,2018-03-18,3
57474,Emily Long,22,patrick15@example.org,Operations,Analyst,60931.0,1973-02-26,2024-05-21,4
89551,Amanda Byrd,45,mhernandez@example.org,Legal,Executive,129699.0,2000-08-23,2019-10-15,4
16710,Karl Brown,52,marissa97@example.com,Operations,Analyst,68077.0,1984-02-13,2016-04-23,3
49455,Cathy Pennington,24,wgomez@example.net,HR,Executive,227976.0,1977-12-30,2020-06-27,3
85050,Kimberly Stephens,30,bobby54@example.org,IT,Consultant,87558.0,1998-11-18,2015-08-22,5
87839,Annette Wagner,39,martinbailey@example.com,Finance,Intern,37352.0,1973-06-19,2023-04-12,5
64934,Cody Obrien,41,sanchezgregory@example.net,Legal,Consultant,72917.0,2001-08-17,2020-08-20,3
63919,Jeffrey Hall,45,adamsshawn@example.net,Operations,Executive,106139.0,2000-06-17,2020-05-15,3
50318,Shane Wagner,51,dawnfarrell@example.org,Sales,Manager,101668.0,1990-07-02,2018-11-24,5
93144,Jackie Williams,56,kendra10@example.com,Marketing,Specialist,55063.0,1985-10-04,2017-10-22,3
25790,Sandra Mendoza,34,kevin91@example.org,Legal,Intern,43915.0,2002-10-14,2024-04-17,2
85172,Scott Mata,59,andersondustin@example.com,Operations,Intern,44272.0,2002-03-13,2022-02-11,5
53741,Mary Caldwell,24,lisa31@example.com,Finance,Intern,39449.0,1982-08-02,2022-01-10,3
32544,Scott Randall,58,rmiller@example.org,Marketing,Intern,30910.0,1968-12-12,2017-03-18,3
40871,Heather Tucker,40,spratt@example.net,IT,Manager,103651.0,1971-07-07,2017-09-01,3
46085,Denise Holmes,32,thomasrenee@example.net,Legal,Director,197313.0,2002-04-30,2017-06-01,1
85794,Alexis Adams,22,chantimothy@example.com,IT,Director,,1989-10-13,2016-09-26,1
84523,Jeffrey White,40,robert60@example.net,HR,Executive,100778.0,1997-10-02,2020-04-26,3
32265,Lindsay Smith,35,ymoore@example.com,HR,Intern,35551.0,1996-12-13,2020-09-07,1
99140,Christopher Morris,29,gcampbell@example.net,IT,Manager,93315.0,1994-01-05,2019-12-14,2
74223,Emily Gross,23,charlene99@example.org,Operations,Manager,,2002-03-07,2017-11-15,5
76302,Kelsey Richardson,26,jordan04@example.net,Legal,Executive,120086.0,1972-07-12,2022-07-27,4
49378,Susan Wiggins,48,pamelabooth@example.com,IT,Executive,157223.0,1964-05-01,2017-01-08,3
56903,Erika Williams,31,marc96@example.org,Operations,Manager,100067.0,1994-03-31,2018-07-07,3
32314,Peter Mccarty,22,jeremymartin@example.org,IT,Executive,,1966-07-10,2021-11-02,1
66452,Kelly Greer,49,cruzaaron@example.com,Operations,Manager,89215.0,1981-08-18,2015-09-20,1
94659,Shawn Day,38,vwagner@example.com,Sales,Manager,110370.0,1974-11-04,2018-11-22,3
31885,Stephen Burgess,47,weissandrew@example.net,HR,Intern,33595.0,1997-06-03,2016-08-08,1
20155,Connie Ortega,27,amanda88@example.org,Marketing,Director,188948.0,1983-02-28,2015-03-11,3
79560,Emily Gardner,60,bradshawderek@example.com,Marketing,Intern,44566.0,1977-07-01,2021-12-19,2
98033,Benjamin Rogers,33,danielspaula@example.org,Sales,Intern,34265.0,1978-04-30,2023-12-04,3
96696,Jessica Miller,59,victoria93@example.org,IT,Analyst,,1982-03-06,2024-08-06,3
61127,Connor Williams,47,scott89@example.com,Marketing,Consultant,72023.0,1995-05-21,2019-07-04,5
32150,Jessica Ortiz,27,kblack@example.net,HR,Executive,117934.0,1988-04-12,2022-09-16,4
13183,Philip Reed,47,,IT,Consultant,88748.0,1981-12-11,2018-08-03,3
64163,Gwendolyn Kidd,42,ronaldgarcia@example.net,HR,Manager,109132.0,1994-11-19,2023-07-09,5
50057,Jose Diaz DDS,60,gwarren@example.com,HR,Executive,236710.0,2003-01-22,2021-08-05,2
18322,Haley Turner,52,fryfrank@example.com,IT,Manager,115620.0,2001-02-21,2022-06-06,3
75827,Sandra Barker,57,scottlindsay@example.org,HR,Director,193850.0,1995-02-27,2024-08-16,2
52571,Megan Zamora,34,klucas@example.com,Sales,Executive,,1991-12-02,2016-11-26,4
58492,Tracey Shaw,26,carriewilkerson@example.net,IT,Analyst,58220.0,1968-11-24,2022-08-15,3
13836,Ryan Ferrell,36,cdonovan@example.net,Legal,Manager,94612.0,1992-04-02,2022-11-30,5
76798,Danielle Miller,23,calebtapia@example.net,Operations,Specialist,69186.0,2001-10-05,2015-07-04,4
26499,Mr. Scott Kim DVM,47,george54@example.com,Operations,Consultant,64340.0,1978-11-03,2021-03-25,5
14758,Evelyn Freeman,54,wardjohn@example.net,Finance,Director,150160.0,1970-10-06,2018-01-25,2
68341,Lisa Rivera,52,donnabrown@example.com,HR,Manager,102468.0,1978-02-15,2022-07-01,5
92376,Stacy Miles,25,daniellewolfe@example.org,Finance,Analyst,56761.0,1978-11-02,2022-02-23,2
97573,Teresa Lopez,47,kaylacannon@example.com,Legal,Manager,84218.0,1973-03-07,2018-12-24,3
89201,Matthew Bennett,41,monica81@example.com,Sales,Executive,216248.0,1976-03-03,2018-01-07,3
23453,Amy Carter,57,fordbrandon@example.com,HR,Executive,236643.0,1969-04-10,2016-09-05,4
60414,Ann Ramos,42,vbell@example.com,IT,Director,137397.0,1980-09-11,2022-02-21,5
61467,Heather Fleming,52,mary05@example.com,Marketing,Specialist,57309.0,1974-02-08,2019-08-19,2
38014,Jacob Scott,41,michaelgeorge@example.com,Marketing,Intern,42262.0,1994-11-22,2019-10-24,1
43588,Laura Gross,22,shawn55@example.com,IT,Director,136558.0,1969-01-16,2017-04-27,3
93810,Patricia White,45,hebertdonald@example.net,HR,Manager,118592.0,1984-11-05,2021-06-14,1
37981,Julia Jenkins,42,angela34@example.org,Legal,Specialist,72730.0,2000-09-01,2017-08-21,1
70883,Amanda Watson,34,otownsend@example.org,Sales,Intern,46175.0,1981-05-04,2019-02-03,1
10178,Sheila Logan,33,,Marketing,Manager,70009.0,1976-01-24,2022-06-29,3
98085,David Christensen MD,42,kimberlygriffin@example.org,Marketing,Manager,79533.0,1990-12-29,2020-01-15,5
41860,Rhonda Bowen,32,mcfarlandmelanie@example.org,HR,Director,147135.0,1978-03-03,2023-01-28,5
13250,Melissa Yang,47,mckenzielaura@example.org,Finance,Director,173370.0,1987-08-18,2023-07-18,1
25141,Tyrone Miller,40,shuynh@example.com,Legal,Specialist,63728.0,1968-07-17,2024-12-22,3
29924,Robert Franklin,52,chanbradley@example.com,IT,Manager,99893.0,1974-01-01,2017-04-11,3
53628,Tina Smith,35,,IT,Analyst,66320.0,1993-12-13,2022-10-18,4
78200,Robert Gomez,36,wwilliams@example.com,Legal,Manager,93241.0,1991-02-09,2024-01-10,4
10632,Chris Lindsey,35,shawn76@example.com,Marketing,Consultant,88247.0,1976-03-30,2015-06-16,4
11615,Adrian Phillips,50,bryanpitts@example.org,Marketing,Intern,48975.0,1974-08-08,2019-04-29,2
54459,Keith Lopez,37,,Operations,Executive,120842.0,1977-09-30,2024-10-25,4
20208,Patricia Lee MD,32,robertsmith@example.net,IT,Specialist,70573.0,1967-01-19,2021-11-27,4
83026,Mackenzie Cox,24,jonesmichael@example.com,IT,Consultant,77823.0,2000-06-23,2020-02-28,2
73691,Anna Norris,48,alexanderperry@example.net,Marketing,Intern,31088.0,1975-08-27,2022-07-03,3
78189,Kathryn Meyers,29,craig64@example.org,Finance,Manager,,1969-07-10,2019-10-18,1
86141,Kevin Johnson,27,villaann@example.com,Marketing,Analyst,61680.0,1996-11-02,2022-01-01,3
41308,Carol Williams,38,brendamorrison@example.net,HR,Executive,132852.0,1975-07-31,2025-01-30,3
45906,Douglas Castillo,32,wolfmary@example.net,Finance,Intern,,1972-08-06,2015-11-27,1
46119,Lauren Lawrence,59,kennedylarry@example.net,Operations,Consultant,78660.0,1970-02-03,2022-10-10,5
66347,Ronald Malone,27,kevin07@example.org,HR,Analyst,62563.0,1992-12-11,2022-04-27,5
98857,Alvin Caldwell,39,benjamin02@example.com,HR,Director,184016.0,1993-03-21,2023-12-12,1
75134,Eric Morales,31,wnavarro@example.net,Marketing,Manager,118734.0,1983-12-27,2024-06-26,5
93393,Anna Garrison,32,tylerwhite@example.net,Finance,Executive,134139.0,1978-04-16,2015-12-14,3
83696,Tyler Willis,38,jesus54@example.com,Sales,Manager,119839.0,1981-12-31,2024-02-23,3
18388,Joseph Douglas,50,julie76@example.net,IT,Director,197557.0,1979-07-02,2024-05-26,3
65549,Robert Owens,51,edillon@example.org,Legal,Executive,175212.0,1977-04-08,2018-02-04,2
44652,James Guzman,43,hunter99@example.org,Finance,Intern,36247.0,1966-08-19,2023-09-22,4
46707,William Day,32,charles21@example.org,Sales,Manager,70675.0,1969-06-21,2024-08-17,5
41621,Shelby Davis,51,jessica55@example.net,Operations,Manager,77937.0,1965-07-07,2016-03-30,5
54260,Caleb Stone,38,michael39@example.com,Operations,Executive,240013.0,1990-05-19,2018-12-24,1
83234,Rodney Tyler,46,wanda14@example.net,Operations,Manager,95030.0,1968-02-08,2015-02-13,1
28694,Carolyn Hughes,35,tim23@example.net,HR,Analyst,66465.0,1984-04-18,2015-12-28,2
53544,Mr. Warren Ramos,51,brookegreen@example.net,Marketing,Manager,83260.0,1996-06-13,2019-12-31,2
79216,William Mueller,34,jwashington@example.org,Finance,Executive,199755.0,1977-08-13,2020-07-16,3
45643,Scott Reyes Jr.,22,mcarter@example.com,IT,Manager,88259.0,1966-12-21,2018-09-22,1
69516,Tammy Romero,57,daniel63@example.com,Marketing,Director,129844.0,1977-08-20,2020-08-16,4
15626,Austin Park,25,todd21@example.com,Finance,Manager,78771.0,1984-04-03,2017-07-08,5
73028,Michael Lee,58,jhoffman@example.com,HR,Specialist,53992.0,1983-01-29,2022-10-15,5
23896,Ronnie Porter,34,wallcourtney@example.net,Legal,Manager,101929.0,1997-03-24,2023-06-25,3
91791,Zachary Richardson,45,scott11@example.net,Marketing,Executive,,1994-06-01,2016-05-13,3
13522,Carl Brewer,50,stevensonbrendan@example.net,Operations,Manager,86283.0,1970-09-30,2015-05-18,4
88099,Allen Spears,37,myerschelsea@example.org,IT,Manager,76245.0,1984-01-22,2022-06-13,5
62268,Cameron Smith,45,morrisonannette@example.com,Legal,Analyst,57517.0,1991-05-21,2017-10-21,5
17952,Jason Miller,44,elizabethbauer@example.org,Marketing,Director,,1996-07-21,2017-05-31,4
64448,Suzanne Cruz,39,ggarza@example.com,Marketing,Intern,47991.0,1964-10-04,2021-10-08,1
15511,Eric Walsh,33,thomasdesiree@example.com,HR,Director,188826.0,1969-05-31,2018-05-22,2
79915,Mary Ferguson,29,andrea58@example.org,IT,Director,186175.0,1972-09-14,2015-10-25,3
69447,Ashley Collins,42,chelsea48@example.org,Sales,Executive,213018.0,1988-02-18,2016-05-30,4
57577,Vanessa Morris,44,mary49@example.org,Marketing,Consultant,87707.0,1998-10-09,2017-07-26,4
45302,Joseph Watson,48,montgomerybrianna@example.org,HR,Consultant,63587.0,1991-12-16,2021-02-25,1
30246,Dale Fox,60,kevin67@example.org,Legal,Specialist,73216.0,2003-01-02,2018-03-03,2
75129,Brian Parsons,23,debbie40@example.com,Operations,Intern,39258.0,1970-12-01,2017-05-25,4
83070,Denise Hall,37,amanda92@example.net,HR,Consultant,62272.0,1981-11-15,2022-01-18,4
59925,Nicholas Burke,25,uvega@example.com,HR,Intern,34400.0,1965-05-15,2015-09-25,2
91994,Jenna Watson,28,burkerenee@example.com,Finance,Executive,184345.0,2000-08-01,2016-04-20,5
29605,Michael Sanders,44,pbryan@example.com,Finance,Analyst,67697.0,1991-05-19,2023-11-14,5
79869,Natalie Baker,56,christopher75@example.net,Finance,Executive,142599.0,1965-06-11,2015-07-08,4
13436,Shari Gonzalez,58,copelandaimee@example.com,Legal,Specialist,78913.0,1969-07-09,2020-06-14,3
30880,Kelly Brooks,42,royaguirre@example.net,Finance,Director,177189.0,1988-09-09,2024-08-19,5
64979,Julia Hudson,27,dorothy68@example.net,Marketing,Consultant,89358.0,1998-06-24,2023-01-04,3
31884,Willie Mcdowell,31,sandra71@example.net,Legal,Analyst,53490.0,1999-03-18,2024-11-09,4
88199,Emily Myers,49,pottercassandra@example.net,IT,Executive,100278.0,1982-01-04,2020-02-28,3
78686,Lisa Young,28,ujohnson@example.com,HR,Analyst,58412.0,1996-08-23,2016-05-10,3
32279,Kevin Griffin,32,adam95@example.net,Finance,Analyst,,1971-04-09,2020-04-27,5
81408,Debra Pearson,51,pottsandrea@example.net,Operations,Intern,44494.0,1971-11-21,2024-10-10,2
65308,Crystal Chen,38,haynesglenn@example.com,Finance,Executive,246991.0,1971-01-30,2018-07-09,3
69145,Erica Diaz,51,imcguire@example.net,HR,Intern,30994.0,1968-06-30,2024-05-05,3
86926,Michael Russell,60,phenderson@example.com,Legal,Manager,75656.0,1971-05-12,2017-06-15,1
39689,Jackson Dixon,42,smithjaclyn@example.net,Operations,Consultant,77034.0,1965-10-17,2015-06-02,4
76738,Patricia Jenkins,51,jameshart@example.org,Operations,Executive,241159.0,1975-02-04,2017-12-15,2
47803,Louis Jones,44,leekelly@example.com,Finance,Manager,111319.0,1995-12-06,2018-04-26,1
75194,Connie Johnson,52,qwarner@example.org,Legal,Manager,79275.0,1976-03-27,2021-04-21,5
55099,Todd Hayden,52,roberto38@example.com,Operations,Executive,236894.0,1985-11-18,2024-04-04,1
78570,Patricia Wilkerson,58,rachel77@example.net,Operations,Specialist,74781.0,1973-02-06,2020-04-29,4
16487,Amanda Mccarthy,31,savagerachel@example.org,Legal,Manager,101131.0,1981-04-22,2015-12-09,1
57337,Brooke Schmidt,27,uevans@example.net,Marketing,Manager,,1990-04-13,2023-03-07,2
44975,Adam Morris,35,gutierrezmelissa@example.org,Finance,Analyst,59941.0,1966-04-30,2015-11-25,2
38263,Pamela Horton,37,sheryl35@example.net,Sales,Director,141950.0,1996-10-04,2023-06-14,4
28435,Vanessa Anderson,26,zgrant@example.org,IT,Consultant,67947.0,1998-06-01,2018-03-24,5
98754,Brian Morales,26,mchavez@example.com,Sales,Specialist,68999.0,1974-09-18,2021-01-31,3
62889,Hannah Hernandez,41,hortonmichael@example.net,Finance,Analyst,51333.0,1992-06-01,2016-12-31,1
96509,Daniel Ramos,43,wendysilva@example.org,Legal,Executive,206573.0,1966-05-18,2016-02-05,1
59674,Jordan Juarez,25,hillcameron@example.org,Marketing,Director,132012.0,1968-11-24,2020-06-21,3
95157,Megan Galloway,49,wallacebrandon@example.org,HR,Director,,2001-10-11,2017-08-15,1
94201,Michael Brown,30,sandra25@example.net,IT,Specialist,69924.0,1979-01-29,2020-07-09,4
39163,Amanda Bright,22,goodmanmichael@example.net,Operations,Specialist,54117.0,1996-11-06,2021-01-27,2
96319,Kurt Watkins,30,robinsonlisa@example.net,IT,Executive,199617.0,1977-08-18,2016-12-20,4
56336,Sean Martin,40,breannaaguilar@example.com,Marketing,Consultant,84924.0,1976-01-08,2019-09-21,2
57140,Roger Oliver,47,scottkeith@example.net,IT,Consultant,61843.0,1987-08-30,2016-02-21,5
92010,Michael Johnson,41,eric72@example.com,Sales,Manager,90890.0,1979-10-03,2020-06-01,2
92733,Joshua Lopez,55,adamsmichelle@example.net,Finance,Executive,111308.0,1977-10-28,2021-01-06,4
64229,Sydney Davis,27,leslie09@example.org,IT,Manager,93727.0,1964-07-20,2016-04-14,2
67732,Sean Parker,41,joshuataylor@example.com,IT,Analyst,67277.0,1982-05-21,2015-06-07,1
34480,Patricia Ward,33,staceyyoung@example.org,Finance,Intern,48795.0,1973-11-30,2017-04-25,5
19043,Rachael Atkinson,53,qrose@example.net,Sales,Manager,110225.0,1975-02-22,2017-09-03,4
72459,Christine Miller,57,philipberry@example.net,Marketing,Manager,83077.0,1985-11-18,2017-06-26,4
36322,Amber Alexander,37,ramosdavid@example.net,IT,Manager,86820.0,2001-08-19,2016-11-19,4
19302,Jacob Lutz,34,james54@example.net,Operations,Executive,,1974-06-15,2021-11-13,4
62597,Sara Brown,31,lucastaylor@example.com,Finance,Executive,204765.0,1990-09-27,2022-09-04,3
97707,Jerome Holt,31,sherry37@example.net,Sales,Manager,102077.0,2001-06-21,2020-12-27,3
87355,Joshua Hopkins,40,wjohnson@example.net,Operations,Specialist,50991.0,1991-07-20,2024-05-03,2
24879,Thomas Baker,32,gjones@example.com,Operations,Director,189297.0,1993-11-22,2023-05-03,4
79579,Michael Dominguez,57,vmorrison@example.net,HR,Manager,98892.0,1982-05-05,2022-11-17,4
70614,Karina Hartman,25,lawrencekatherine@example.net,Sales,Director,127347.0,1997-10-11,2024-03-17,3
30392,Jennifer Jordan,58,megannguyen@example.com,Finance,Director,194454.0,1999-02-23,2020-07-28,4
81765,Nancy Moore,38,jonesshawn@example.com,Sales,Consultant,89487.0,1974-01-30,2020-12-08,1
20733,James Tyler,53,fford@example.org,Finance,Manager,83328.0,1987-01-24,2017-04-27,5
27965,Christopher Nelson,53,thomaskim@example.net,HR,Consultant,86060.0,1994-06-25,2016-12-13,3
86096,Samantha Johnson,56,donlarson@example.com,Legal,Specialist,71018.0,1991-03-29,2018-02-28,2
17746,Karen Adams,59,michelle98@example.com,Marketing,Consultant,83865.0,2002-12-07,2018-01-20,3
63856,Tina Calderon,48,rpetersen@example.org,Sales,Director,148351.0,1998-11-19,2020-06-23,5
95609,Madison Wilson,53,norozco@example.org,Legal,Executive,204391.0,1980-04-07,2021-03-19,5
20329,Becky Blake,57,robinsonroberta@example.org,Operations,Director,132881.0,1974-12-01,2017-11-16,5
33019,Kevin Moss,51,nsmith@example.org,Marketing,Specialist,63756.0,2001-10-21,2024-04-20,1
80751,Mark Saunders,56,lauracastillo@example.org,Operations,Intern,41671.0,1993-03-16,2019-05-05,1
92844,Dawn Hill,49,maddenbecky@example.com,Operations,Executive,158769.0,1983-07-11,2021-11-01,2
13784,Robert Williams,32,hughesethan@example.net,Sales,Executive,134816.0,1988-04-08,2022-03-19,2
72543,Vanessa Walsh,58,bushamy@example.org,Legal,Specialist,52613.0,1987-04-24,2018-04-05,3
28762,Sherri Wilson,55,,IT,Executive,153950.0,1971-05-28,2020-09-08,4
73962,Victor Rasmussen,49,singletonleslie@example.org,Legal,Analyst,60681.0,1971-10-15,2019-04-03,3
20742,Mary Hanson,37,alyssa74@example.com,Marketing,Director,164743.0,1976-04-01,2023-05-17,4
42141,Natalie Ramirez,60,becky83@example.net,IT,Analyst,54542.0,1972-07-18,2022-05-23,4
38528,Patricia Newman,37,hayesmichael@example.org,Legal,Consultant,76989.0,1992-09-01,2022-02-03,3
19449,Jillian Rodriguez,51,slewis@example.org,Legal,Director,174877.0,1993-01-17,2019-09-02,5
18196,Charles Francis,41,nicholasclark@example.com,Marketing,Manager,101577.0,1981-11-29,2016-12-26,5
94353,Michelle Jones,60,susan85@example.com,Operations,Director,127997.0,1997-01-02,2020-01-17,3
28195,Andrew Henderson,25,patrick89@example.com,Marketing,Manager,96494.0,2001-12-22,2023-01-05,3
96233,Tammy Reese DDS,50,krodriguez@example.net,Legal,Intern,45155.0,1972-10-23,2021-12-26,4
22516,Beth Shannon,60,stephaniedaniel@example.org,HR,Director,170223.0,1979-03-30,2023-08-19,4
44008,Matthew Robinson,51,lucas09@example.net,Marketing,Director,146989.0,1983-10-10,2019-02-13,4
72874,Mike Ochoa,31,davisryan@example.org,IT,Executive,157455.0,1992-01-28,2020-08-30,3
15250,Jennifer James,23,qabbott@example.net,Sales,Director,147170.0,1974-05-22,2021-03-01,2
49111,Heather Nicholson,52,drewdoyle@example.com,Finance,Director,162175.0,1971-11-12,2021-06-16,5
24404,Veronica Duarte,41,christythompson@example.org,Marketing,Intern,43412.0,1990-06-25,2021-03-30,2
83245,Deanna Davis,47,santanawalter@example.com,Legal,Executive,226507.0,1971-02-27,2020-01-17,5
51993,Barbara Ferguson,39,jennifer88@example.com,IT,Consultant,,1973-04-21,2024-11-10,1
41668,Erica Hopkins,27,kellycarmen@example.net,HR,Executive,219159.0,1972-12-26,2018-12-12,5
36608,Michael Hamilton,54,jamessara@example.org,Sales,Analyst,57657.0,1978-11-27,2019-07-01,1
21482,John Olson,43,brian92@example.com,Operations,Intern,46023.0,1981-04-27,2021-01-19,1
56953,Erica Morales,53,elizabethparks@example.com,Sales,Director,166941.0,1970-08-23,2015-02-04,5
38638,Joseph Hartman,36,castrochristopher@example.net,Finance,Analyst,62379.0,1971-01-26,2023-06-13,5
29009,Joel Torres,45,hunterbrandon@example.org,IT,Manager,77719.0,2001-06-14,2018-10-15,2
57038,Kristen Brown,35,grantevans@example.net,IT,Intern,42794.0,1986-06-30,2023-08-30,5
90554,Gerald Parker,51,katie95@example.com,Sales,Director,144883.0,1976-12-04,2022-11-26,2
73587,Taylor Cox,60,shawnacoleman@example.net,Operations,Director,124638.0,1984-11-14,2015-11-23,4
27324,Elizabeth Greer,44,megandurham@example.net,Sales,Manager,96594.0,1998-05-05,2023-09-04,5
51699,Jeffrey Griffin,39,hillmelanie@example.org,HR,Consultant,65462.0,1967-07-29,2016-11-23,2
93603,Mrs. Valerie Thomas MD,58,carlypena@example.com,HR,Executive,119069.0,1982-08-01,2022-11-13,2
31935,Steven Parker,23,diane74@example.org,Legal,Analyst,65052.0,1974-10-02,2023-01-17,5
83117,Robert Robinson,48,michaelhill@example.org,Finance,Executive,204657.0,1969-12-29,2021-04-23,2
32973,Brenda Cooper,46,fflores@example.org,Finance,Consultant,69441.0,1992-04-13,2021-03-01,5
38390,Stacey Stephenson,22,saragood@example.org,HR,Consultant,86572.0,1999-08-06,2018-03-05,3
49036,Colleen Larson,59,pdavis@example.org,Marketing,Intern,34047.0,1990-04-01,2021-08-26,4
91692,Jeffrey Macdonald,52,parkersamantha@example.net,IT,Executive,194293.0,1978-02-07,2016-06-18,1
75293,Jennifer Jones,26,robertbrown@example.net,Legal,Specialist,51454.0,1972-12-22,2020-03-05,1
53954,Eric Watson,50,,IT,Analyst,64218.0,1970-09-07,2019-06-25,3
19124,Charles Clark,50,wualicia@example.org,Sales,Specialist,59715.0,2002-06-28,2020-12-21,5
53216,Jesus Harris,60,christina36@example.net,Legal,Analyst,51525.0,1968-04-12,2016-05-20,5
82562,Brandi Stewart,59,danielsangela@example.net,Marketing,Director,121291.0,2002-05-19,2015-12-28,5
93322,Lynn Lewis,56,keith59@example.net,Operations,Intern,33829.0,1970-11-05,2021-03-12,1
82503,April Haas,48,richard07@example.org,Legal,Intern,41644.0,1984-09-04,2017-06-12,4
66900,Andrea Boyd,27,annrandolph@example.com,IT,Consultant,80192.0,1988-02-03,2020-10-30,2
72387,Taylor Johnson,25,garciashannon@example.org,Finance,Analyst,65268.0,1974-11-01,2024-01-19,1
73764,John Miller,59,michael90@example.com,Operations,Director,138291.0,1990-01-18,2022-06-04,5
15907,Alyssa Young,38,ellisapril@example.net,Sales,Manager,86002.0,1970-09-10,2018-10-22,2
98864,Kenneth Hines,48,stephensvincent@example.net,IT,Executive,,1982-07-22,2015-09-12,1
82440,Michelle Glenn PhD,25,morenomario@example.net,Finance,Consultant,70601.0,1966-10-12,2024-08-11,3
71360,John Walker,44,dmiller@example.net,Legal,Executive,167793.0,1980-01-28,2024-08-16,5
32309,Karen Brown,39,davila@example.net,Sales,Analyst,56172.0,1998-08-07,2016-03-26,5
55186,Jennifer Smith,60,hernandeznicholas@example.net,Marketing,Specialist,56458.0,1969-01-31,2018-08-03,4
15606,Patrick Macdonald,51,paulblair@example.org,HR,Executive,211800.0,2000-04-14,2015-08-21,1
31187,Elizabeth Huber,59,lblankenship@example.net,Sales,Specialist,75645.0,2000-03-02,2022-04-27,1
16621,April George,44,hannahthompson@example.net,Finance,Intern,42837.0,1968-11-23,2020-09-10,4
33273,David Hernandez,44,thomas79@example.com,Legal,Analyst,,1985-01-12,2021-01-28,1
46488,Amy Hicks,30,campbellbrendan@example.net,Sales,Analyst,57907.0,1984-06-02,2021-04-07,1
98984,Laura Santana,51,cindygill@example.org,IT,Executive,111191.0,1976-02-24,2015-07-30,1
26374,Katie Kramer,41,caseymichael@example.com,Sales,Analyst,60828.0,1983-07-05,2016-01-11,2
37289,Jenna Jones,36,laura56@example.net,Operations,Consultant,85858.0,1987-07-31,2018-12-01,1
46331,Brian Fields,58,mirandabennett@example.org,HR,Director,172071.0,1965-10-10,2016-02-28,5
58483,Terry Porter,30,kenneth02@example.com,Finance,Director,131500.0,2000-12-20,2023-12-24,1
72464,Joel Miller,36,glane@example.com,Finance,Intern,46849.0,1965-02-06,2022-07-27,2
98449,Dylan Stone,55,vazquezfrancisco@example.net,Finance,Specialist,75421.0,2000-08-31,2018-12-31,2
18860,Mariah Ellis,27,roger53@example.com,IT,Director,179555.0,1973-05-09,2021-08-11,2
36196,Charles Marsh,40,jonesjustin@example.com,Sales,Consultant,,1994-06-16,2019-12-05,4
41457,Nancy Johnson,53,hughestodd@example.net,HR,Director,152978.0,1967-03-07,2024-10-25,2
91918,Charles Jones,60,markjackson@example.org,IT,Consultant,71993.0,2002-06-16,2015-05-27,3
31515,Debra Pollard,52,anthony00@example.com,HR,Executive,221311.0,1980-05-15,2024-01-23,3
90431,Robert Berry,47,sking@example.org,HR,Executive,119851.0,2002-11-29,2023-10-08,1
48610,Regina Gonzalez,47,caseywells@example.com,Legal,Specialist,61959.0,1993-06-17,2016-11-12,2
61383,Melinda Hampton,46,dmontes@example.org,HR,Director,163951.0,1983-09-30,2024-04-02,1
90205,Scott Williams,29,alexander91@example.com,Operations,Specialist,,1973-01-29,2020-05-19,3
52447,Kenneth Pope,50,robertsonchristopher@example.net,Operations,Consultant,71264.0,1969-03-26,2020-05-06,1
87042,Michael Green,25,luis11@example.net,Finance,Director,124373.0,1979-03-12,2015-02-10,1
10657,Andrew Cohen,39,foxcollin@example.com,Finance,Analyst,59416.0,1981-02-11,2020-09-03,2
88291,Jennifer Marks,44,adamburch@example.net,Sales,Analyst,58146.0,1976-05-08,2015-03-30,5
87079,Danielle Mason,55,bmurphy@example.com,Sales,Intern,43495.0,2002-05-20,2019-05-24,3
48846,Joshua Townsend,49,bwatts@example.org,Marketing,Analyst,67368.0,1988-08-18,2015-02-15,4
78715,Mary Thomas,56,danielsjeffery@example.net,HR,Director,190194.0,1969-05-23,2017-12-03,5
56729,Donald Randall,35,jessica46@example.net,Legal,Intern,45219.0,1968-10-13,2022-09-18,2
67363,Jason Henderson,39,angelicadavis@example.net,Legal,Manager,103452.0,1977-09-12,2016-09-02,1
17927,Rachel Harris,24,jenningsandrea@example.net,IT,Executive,221719.0,1981-02-01,2016-11-19,3
51977,Michael Carroll,40,russelljeffrey@example.com,Marketing,Analyst,56032.0,1977-12-24,2024-08-03,5
49874,Daniel Haley,30,marcus82@example.org,HR,Consultant,76497.0,1970-12-30,2017-11-18,3
23955,William Chapman,28,ferrelldiana@example.com,Sales,Director,168527.0,1973-07-11,2016-03-22,5
84346,Richard Jones,23,charlesscott@example.net,Finance,Executive,173846.0,2001-11-18,2023-08-09,1
63559,Timothy Butler,56,hallvanessa@example.org,HR,Intern,47086.0,1993-06-24,2021-04-02,1
16595,Vanessa Moore,37,trevorodonnell@example.org,HR,Manager,,2002-10-18,2018-03-18,5
83415,Jessica Blevins,43,katherine03@example.org,IT,Manager,110285.0,2002-10-12,2017-05-23,5
38746,Bonnie Mcneil,50,ehughes@example.com,Operations,Specialist,76353.0,1976-07-11,2019-01-27,1
71526,Derek Diaz,28,dbaldwin@example.net,Operations,Manager,117686.0,1973-03-25,2016-04-14,4
63585,Jason White,41,jason35@example.com,HR,Analyst,59757.0,1987-03-24,2021-05-26,3
22073,Matthew Shaffer,42,farmerandrew@example.org,IT,Executive,241181.0,1997-07-16,2017-03-04,3
17814,Jackie Mullins,59,bethsandoval@example.org,Operations,Consultant,84006.0,1998-04-21,2022-03-28,2
14784,Frank Ferguson,53,miranda28@example.org,HR,Specialist,66618.0,1979-01-01,2022-06-22,2
62511,Michelle Wilson,34,medinakimberly@example.com,Legal,Director,180272.0,2000-03-03,2023-09-08,5
59642,David Schneider,58,brivera@example.org,IT,Manager,99268.0,1996-02-16,2016-03-09,3
51230,Robyn Collins,59,smithheather@example.com,HR,Specialist,72135.0,1994-10-22,2016-05-20,5
72129,Dana Hines,47,gibbschristopher@example.net,Finance,Director,159804.0,1976-11-03,2017-04-01,5
63991,Mr. Ralph Williams,29,yolanda10@example.com,Legal,Executive,151358.0,1972-11-26,2021-09-08,5
13899,Lisa Li,24,allenbreanna@example.com,IT,Analyst,63269.0,1990-05-04,2022-02-21,1
78274,Olivia Hampton,22,xcox@example.net,Legal,Intern,36902.0,1986-03-19,2017-02-09,5
93843,Megan Boyd,48,diazanita@example.org,IT,Manager,76126.0,1969-01-22,2022-11-05,3
75565,Mario Mitchell,50,heather76@example.net,Finance,Intern,48994.0,1974-11-11,2015-11-21,4
88810,Sandra Flores,51,stephaniewilkerson@example.net,Legal,Intern,38764.0,1978-02-07,2020-12-01,5
66151,Carol Bartlett,48,sheilavalentine@example.net,Sales,Manager,116970.0,1982-04-09,2017-03-05,4
54580,William Miller,41,michaelsims@example.com,Operations,Director,168812.0,1969-02-26,2016-12-17,1
63189,Paige Cochran,41,amy03@example.org,Operations,Director,136199.0,1984-09-14,2021-08-03,3
91975,Albert Hernandez,53,ydiaz@example.com,IT,Director,149739.0,1990-08-19,2018-11-13,2
77300,Anna King,39,ntanner@example.com,Operations,Specialist,78896.0,1990-07-31,2023-09-03,1
70670,Gabriel Wallace,31,jasoncarter@example.org,Operations,Director,152370.0,1968-07-16,2021-04-09,4
74660,Jacob Thomas,24,emily29@example.com,Legal,Manager,115490.0,1996-04-02,2016-09-15,2
59567,Cassidy Cameron,48,bdavis@example.net,HR,Specialist,51365.0,2001-09-11,2016-06-21,4
87762,Patrick Rich,35,lopezaaron@example.net,Finance,Specialist,72014.0,1996-02-22,2019-04-04,5
84918,Madison Fernandez,48,kendrarivera@example.org,Sales,Intern,37078.0,1991-06-15,2021-10-06,3
94922,Jessica Brown,30,jvaughan@example.com,Marketing,Executive,215285.0,1982-01-25,2016-09-24,2
11200,Heather Murphy,47,kathleen19@example.net,IT,Analyst,50692.0,1983-12-08,2015-08-08,5
94092,Jared Jones,44,michael28@example.com,Marketing,Analyst,58618.0,1977-11-23,2023-03-23,2
90063,Jeff Kemp,37,amoses@example.org,Legal,Analyst,65733.0,1964-05-20,2019-03-19,5
11641,Jennifer Miller,24,debraramirez@example.com,Sales,Analyst,50143.0,2000-02-12,2016-08-23,3
55554,Bradley Coffey,40,,Legal,Specialist,79380.0,1976-07-06,2017-06-04,4
15206,Christine Curtis,56,brittanywilliamson@example.com,Operations,Executive,148566.0,1979-12-02,2018-09-13,4
32832,Candace Atkinson,58,john90@example.com,HR,Specialist,70983.0,1991-01-15,2024-08-14,1
98270,Kelly Kramer,47,wcaldwell@example.com,Marketing,Executive,202632.0,1985-05-21,2016-03-11,5
11658,Veronica Morrison,49,laurenjones@example.net,IT,Executive,146012.0,1973-08-08,2017-12-16,3
62434,James Wiggins,56,qdawson@example.org,IT,Manager,77125.0,1964-03-26,2015-11-12,4
97453,Joseph Romero,55,ubailey@example.net,Operations,Analyst,59235.0,1983-02-26,2017-02-03,2
85869,Brandon Jordan,35,cmurray@example.net,Finance,Manager,108927.0,2001-02-13,2017-04-11,4
96202,Julie Jackson,49,aaronford@example.net,Marketing,Specialist,79754.0,1995-07-31,2016-12-07,4
74245,Brady Heath,56,littletraci@example.net,Finance,Analyst,53517.0,1983-04-05,2022-12-11,5
